2025-03-09 19:47:05,755 - WARNING - Skipping malformed line: SQL Injection Scan in progress...
2025-03-09 19:47:05,956 - WARNING - Skipping malformed line: ___
2025-03-09 19:47:05,956 - WARNING - Skipping malformed line: __H__
2025-03-09 19:47:05,956 - WARNING - Skipping malformed line: ___ ___[']_____ ___ ___  {1.9.2#pip}
2025-03-09 19:47:05,956 - WARNING - Skipping malformed line: |_ -| . ["]     | .'| . |
2025-03-09 19:47:05,956 - WARNING - Skipping malformed line: |___|_  ["]_|_|_|__,|  _|
2025-03-09 19:47:05,956 - WARNING - Skipping malformed line: |_|V...       |_|   https://sqlmap.org
2025-03-09 19:47:05,956 - WARNING - Skipping malformed line: 
2025-03-09 19:47:05,956 - WARNING - Skipping malformed line: [!] legal disclaimer: Usage of sqlmap for attacking targets without prior mutual consent is illegal. It is the end user's responsibility to obey all applicable local, state and federal laws. Developers assume no liability and are not responsible for any misuse or damage caused by this program
2025-03-09 19:47:05,956 - WARNING - Skipping malformed line: 
2025-03-09 19:47:05,956 - WARNING - Skipping malformed line: [*] starting @ 19:47:05 /2025-03-09/
2025-03-09 19:47:05,956 - WARNING - Skipping malformed line: 
2025-03-09 19:47:09,185 - WARNING - Skipping malformed line: [19:47:09] [CRITICAL] host 'nepal.govn.np' does not exist
2025-03-09 19:47:09,185 - WARNING - Skipping malformed line: 
2025-03-09 19:47:09,185 - WARNING - Skipping malformed line: [*] ending @ 19:47:09 /2025-03-09/
2025-03-09 19:47:09,185 - WARNING - Skipping malformed line: 
2025-03-09 19:47:48,433 - WARNING - Skipping malformed line: SQL Injection Scan in progress...
2025-03-09 19:47:48,735 - WARNING - Skipping malformed line: ___
2025-03-09 19:47:48,735 - WARNING - Skipping malformed line: __H__
2025-03-09 19:47:48,735 - WARNING - Skipping malformed line: ___ ___[(]_____ ___ ___  {1.9.2#pip}
2025-03-09 19:47:48,735 - WARNING - Skipping malformed line: |_ -| . [)]     | .'| . |
2025-03-09 19:47:48,735 - WARNING - Skipping malformed line: |___|_  [(]_|_|_|__,|  _|
2025-03-09 19:47:48,735 - WARNING - Skipping malformed line: |_|V...       |_|   https://sqlmap.org
2025-03-09 19:47:48,735 - WARNING - Skipping malformed line: 
2025-03-09 19:47:48,735 - WARNING - Skipping malformed line: [!] legal disclaimer: Usage of sqlmap for attacking targets without prior mutual consent is illegal. It is the end user's responsibility to obey all applicable local, state and federal laws. Developers assume no liability and are not responsible for any misuse or damage caused by this program
2025-03-09 19:47:48,735 - WARNING - Skipping malformed line: 
2025-03-09 19:47:48,735 - WARNING - Skipping malformed line: [*] starting @ 19:47:48 /2025-03-09/
2025-03-09 19:47:48,735 - WARNING - Skipping malformed line: 
2025-03-09 19:47:48,777 - WARNING - Skipping malformed line: [19:47:48] [INFO] testing connection to the target URL
2025-03-09 19:47:49,480 - WARNING - Skipping malformed line: [19:47:49] [INFO] checking if the target is protected by some kind of WAF/IPS
2025-03-09 19:47:49,849 - WARNING - Skipping malformed line: [19:47:49] [INFO] testing if the target URL content is stable
2025-03-09 19:47:50,252 - WARNING - Skipping malformed line: [19:47:50] [INFO] target URL content is stable
2025-03-09 19:47:50,252 - WARNING - Skipping malformed line: [19:47:50] [INFO] testing if parameter 'User-Agent' is dynamic
2025-03-09 19:47:50,655 - WARNING - Skipping malformed line: [19:47:50] [WARNING] parameter 'User-Agent' does not appear to be dynamic
2025-03-09 19:47:50,994 - WARNING - Skipping malformed line: [19:47:50] [WARNING] heuristic (basic) test shows that parameter 'User-Agent' might not be injectable
2025-03-09 19:47:51,371 - WARNING - Skipping malformed line: [19:47:51] [INFO] testing for SQL injection on parameter 'User-Agent'
2025-03-09 19:47:51,396 - WARNING - Skipping malformed line: [19:47:51] [INFO] testing 'AND boolean-based blind - WHERE or HAVING clause'
2025-03-09 19:48:00,810 - WARNING - Skipping malformed line: [19:48:00] [INFO] testing 'OR boolean-based blind - WHERE or HAVING clause'
2025-03-09 19:48:22,653 - WARNING - Skipping malformed line: [19:48:22] [INFO] testing 'OR boolean-based blind - WHERE or HAVING clause (NOT)'
2025-03-09 19:48:28,639 - WARNING - Skipping malformed line: [19:48:28] [WARNING] there is a possibility that the target (or WAF/IPS) is dropping 'suspicious' requests
2025-03-09 19:48:28,639 - WARNING - Skipping malformed line: [19:48:28] [CRITICAL] connection timed out to the target URL. sqlmap is going to retry the request(s)
2025-03-09 19:48:37,874 - WARNING - Skipping malformed line: [19:48:37] [INFO] testing 'AND boolean-based blind - WHERE or HAVING clause (subquery - comment)'
2025-03-09 19:48:42,307 - WARNING - Skipping malformed line: [19:48:42] [INFO] testing 'OR boolean-based blind - WHERE or HAVING clause (subquery - comment)'
2025-03-09 19:48:52,891 - WARNING - Skipping malformed line: [19:48:52] [INFO] testing 'AND boolean-based blind - WHERE or HAVING clause (comment)'
2025-03-09 19:48:56,358 - WARNING - Skipping malformed line: [19:48:56] [INFO] testing 'OR boolean-based blind - WHERE or HAVING clause (comment)'
2025-03-09 19:49:04,408 - WARNING - Skipping malformed line: [19:49:04] [INFO] testing 'AND boolean-based blind - WHERE or HAVING clause (MySQL comment)'
2025-03-09 19:49:08,584 - WARNING - Skipping malformed line: [19:49:08] [INFO] testing 'OR boolean-based blind - WHERE or HAVING clause (MySQL comment)'
2025-03-09 19:49:19,700 - WARNING - Skipping malformed line: [19:49:19] [INFO] testing 'OR boolean-based blind - WHERE or HAVING clause (NOT - MySQL comment)'
2025-03-09 19:49:27,957 - WARNING - Skipping malformed line: [19:49:27] [INFO] testing 'AND boolean-based blind - WHERE or HAVING clause (Microsoft Access comment)'
2025-03-09 19:49:32,443 - WARNING - Skipping malformed line: [19:49:32] [INFO] testing 'OR boolean-based blind - WHERE or HAVING clause (Microsoft Access comment)'
2025-03-09 19:49:42,541 - WARNING - Skipping malformed line: [19:49:42] [INFO] testing 'MySQL RLIKE boolean-based blind - WHERE, HAVING, ORDER BY or GROUP BY clause'
2025-03-09 19:49:51,413 - WARNING - Skipping malformed line: [19:49:51] [INFO] testing 'MySQL AND boolean-based blind - WHERE, HAVING, ORDER BY or GROUP BY clause (MAKE_SET)'
2025-03-09 19:50:05,074 - WARNING - Skipping malformed line: [19:50:04] [INFO] testing 'MySQL OR boolean-based blind - WHERE, HAVING, ORDER BY or GROUP BY clause (MAKE_SET)'
2025-03-09 19:50:24,439 - WARNING - Skipping malformed line: [19:50:24] [INFO] testing 'PostgreSQL AND boolean-based blind - WHERE or HAVING clause (CAST)'
2025-03-09 19:50:35,853 - WARNING - Skipping malformed line: [19:50:35] [INFO] testing 'PostgreSQL OR boolean-based blind - WHERE or HAVING clause (CAST)'
2025-03-09 19:50:55,833 - WARNING - Skipping malformed line: [19:50:55] [INFO] testing 'Oracle AND boolean-based blind - WHERE or HAVING clause (CTXSYS.DRITHSX.SN)'
2025-03-09 19:51:04,392 - WARNING - Skipping malformed line: [19:51:04] [INFO] testing 'Oracle OR boolean-based blind - WHERE or HAVING clause (CTXSYS.DRITHSX.SN)'
2025-03-09 19:51:22,940 - WARNING - Skipping malformed line: [19:51:22] [INFO] testing 'SQLite AND boolean-based blind - WHERE, HAVING, GROUP BY or HAVING clause (JSON)'
2025-03-09 19:51:31,499 - WARNING - Skipping malformed line: [19:51:31] [INFO] testing 'SQLite OR boolean-based blind - WHERE, HAVING, GROUP BY or HAVING clause (JSON)'
2025-03-09 19:51:49,645 - WARNING - Skipping malformed line: [19:51:49] [INFO] testing 'Boolean-based blind - Parameter replace (original value)'
2025-03-09 19:51:50,154 - WARNING - Skipping malformed line: [19:51:50] [INFO] testing 'PostgreSQL boolean-based blind - Parameter replace'
2025-03-09 19:51:50,460 - WARNING - Skipping malformed line: [19:51:50] [INFO] testing 'Microsoft SQL Server/Sybase boolean-based blind - Parameter replace'
2025-03-09 19:51:50,768 - WARNING - Skipping malformed line: [19:51:50] [INFO] testing 'Oracle boolean-based blind - Parameter replace'
2025-03-09 19:51:51,375 - WARNING - Skipping malformed line: [19:51:51] [INFO] testing 'Informix boolean-based blind - Parameter replace'
2025-03-09 19:51:51,786 - WARNING - Skipping malformed line: [19:51:51] [INFO] testing 'Microsoft Access boolean-based blind - Parameter replace'
2025-03-09 19:51:52,091 - WARNING - Skipping malformed line: [19:51:52] [INFO] testing 'Boolean-based blind - Parameter replace (DUAL)'
2025-03-09 19:51:52,395 - WARNING - Skipping malformed line: [19:51:52] [INFO] testing 'Boolean-based blind - Parameter replace (DUAL - original value)'
2025-03-09 19:51:52,700 - WARNING - Skipping malformed line: [19:51:52] [INFO] testing 'Boolean-based blind - Parameter replace (CASE)'
2025-03-09 19:51:53,513 - WARNING - Skipping malformed line: [19:51:53] [INFO] testing 'Boolean-based blind - Parameter replace (CASE - original value)'
2025-03-09 19:51:53,819 - WARNING - Skipping malformed line: [19:51:53] [INFO] testing 'MySQL >= 5.0 boolean-based blind - ORDER BY, GROUP BY clause'
2025-03-09 19:51:54,428 - WARNING - Skipping malformed line: [19:51:54] [INFO] testing 'MySQL >= 5.0 boolean-based blind - ORDER BY, GROUP BY clause (original value)'
2025-03-09 19:51:55,345 - WARNING - Skipping malformed line: [19:51:55] [INFO] testing 'MySQL < 5.0 boolean-based blind - ORDER BY, GROUP BY clause'
2025-03-09 19:51:55,345 - WARNING - Skipping malformed line: [19:51:55] [INFO] testing 'PostgreSQL boolean-based blind - ORDER BY, GROUP BY clause'
2025-03-09 19:51:56,060 - WARNING - Skipping malformed line: [19:51:55] [INFO] testing 'Microsoft SQL Server/Sybase boolean-based blind - ORDER BY clause'
2025-03-09 19:51:56,670 - WARNING - Skipping malformed line: [19:51:56] [INFO] testing 'Oracle boolean-based blind - ORDER BY, GROUP BY clause'
2025-03-09 19:51:57,384 - WARNING - Skipping malformed line: [19:51:57] [INFO] testing 'HAVING boolean-based blind - WHERE, GROUP BY clause'
2025-03-09 19:52:06,442 - WARNING - Skipping malformed line: [19:52:06] [INFO] testing 'PostgreSQL boolean-based blind - Stacked queries'
2025-03-09 19:52:11,125 - WARNING - Skipping malformed line: [19:52:11] [INFO] testing 'Microsoft SQL Server/Sybase boolean-based blind - Stacked queries (IF)'
2025-03-09 19:52:15,609 - WARNING - Skipping malformed line: [19:52:15] [INFO] testing 'MySQL >= 5.0 AND error-based - WHERE, HAVING, ORDER BY or GROUP BY clause (FLOOR)'
2025-03-09 19:52:25,604 - WARNING - Skipping malformed line: [19:52:25] [CRITICAL] connection timed out to the target URL. sqlmap is going to retry the request(s)
2025-03-09 19:52:31,103 - WARNING - Skipping malformed line: [19:52:31] [INFO] testing 'MySQL >= 5.0 OR error-based - WHERE, HAVING, ORDER BY or GROUP BY clause (FLOOR)'
2025-03-09 19:52:40,780 - WARNING - Skipping malformed line: [19:52:40] [INFO] testing 'MySQL >= 5.1 AND error-based - WHERE, HAVING, ORDER BY or GROUP BY clause (EXTRACTVALUE)'
2025-03-09 19:52:51,475 - WARNING - Skipping malformed line: [19:52:51] [INFO] testing 'MySQL >= 5.1 OR error-based - WHERE, HAVING, ORDER BY or GROUP BY clause (EXTRACTVALUE)'
2025-03-09 19:53:01,879 - WARNING - Skipping malformed line: [19:53:01] [INFO] testing 'MySQL >= 5.1 AND error-based - WHERE, HAVING, ORDER BY or GROUP BY clause (UPDATEXML)'
2025-03-09 19:53:11,568 - WARNING - Skipping malformed line: [19:53:11] [INFO] testing 'MySQL >= 5.1 OR error-based - WHERE, HAVING, ORDER BY or GROUP BY clause (UPDATEXML)'
2025-03-09 19:53:24,310 - WARNING - Skipping malformed line: [19:53:24] [INFO] testing 'MySQL >= 4.1 AND error-based - WHERE, HAVING, ORDER BY or GROUP BY clause (FLOOR)'
2025-03-09 19:53:33,688 - WARNING - Skipping malformed line: [19:53:33] [INFO] testing 'MySQL >= 4.1 OR error-based - WHERE or HAVING clause (FLOOR)'
2025-03-09 19:53:43,064 - WARNING - Skipping malformed line: [19:53:42] [INFO] testing 'PostgreSQL AND error-based - WHERE or HAVING clause'
2025-03-09 19:53:52,443 - WARNING - Skipping malformed line: [19:53:52] [INFO] testing 'PostgreSQL OR error-based - WHERE or HAVING clause'
2025-03-09 19:54:02,137 - WARNING - Skipping malformed line: [19:54:02] [INFO] testing 'Microsoft SQL Server/Sybase AND error-based - WHERE or HAVING clause (IN)'
2025-03-09 19:54:11,208 - WARNING - Skipping malformed line: [19:54:11] [INFO] testing 'Microsoft SQL Server/Sybase OR error-based - WHERE or HAVING clause (IN)'
2025-03-09 19:54:21,102 - WARNING - Skipping malformed line: [19:54:21] [INFO] testing 'Microsoft SQL Server/Sybase AND error-based - WHERE or HAVING clause (CONVERT)'
2025-03-09 19:54:30,793 - WARNING - Skipping malformed line: [19:54:30] [INFO] testing 'Microsoft SQL Server/Sybase OR error-based - WHERE or HAVING clause (CONVERT)'
2025-03-09 19:54:39,861 - WARNING - Skipping malformed line: [19:54:39] [INFO] testing 'Microsoft SQL Server/Sybase AND error-based - WHERE or HAVING clause (CONCAT)'
2025-03-09 19:54:51,482 - WARNING - Skipping malformed line: [19:54:51] [INFO] testing 'Microsoft SQL Server/Sybase OR error-based - WHERE or HAVING clause (CONCAT)'
2025-03-09 19:55:00,453 - WARNING - Skipping malformed line: [19:55:00] [INFO] testing 'Oracle AND error-based - WHERE or HAVING clause (XMLType)'
2025-03-09 19:55:09,839 - WARNING - Skipping malformed line: [19:55:09] [INFO] testing 'Oracle OR error-based - WHERE or HAVING clause (XMLType)'
2025-03-09 19:55:20,431 - WARNING - Skipping malformed line: [19:55:20] [INFO] testing 'Oracle AND error-based - WHERE or HAVING clause (UTL_INADDR.GET_HOST_ADDRESS)'
2025-03-09 19:55:31,948 - WARNING - Skipping malformed line: [19:55:31] [INFO] testing 'Oracle OR error-based - WHERE or HAVING clause (UTL_INADDR.GET_HOST_ADDRESS)'
2025-03-09 19:55:40,815 - WARNING - Skipping malformed line: [19:55:40] [INFO] testing 'Oracle AND error-based - WHERE or HAVING clause (CTXSYS.DRITHSX.SN)'
2025-03-09 19:55:51,519 - WARNING - Skipping malformed line: [19:55:51] [INFO] testing 'Oracle OR error-based - WHERE or HAVING clause (CTXSYS.DRITHSX.SN)'
2025-03-09 19:56:01,297 - WARNING - Skipping malformed line: [19:56:01] [INFO] testing 'Firebird AND error-based - WHERE or HAVING clause'
2025-03-09 19:56:11,572 - WARNING - Skipping malformed line: [19:56:11] [INFO] testing 'MonetDB AND error-based - WHERE or HAVING clause'
2025-03-09 19:56:20,944 - WARNING - Skipping malformed line: [19:56:20] [INFO] testing 'Vertica AND error-based - WHERE or HAVING clause'
2025-03-09 19:56:30,009 - WARNING - Skipping malformed line: [19:56:29] [INFO] testing 'IBM DB2 AND error-based - WHERE or HAVING clause'
2025-03-09 19:56:39,173 - WARNING - Skipping malformed line: [19:56:39] [INFO] testing 'ClickHouse AND error-based - WHERE, HAVING, ORDER BY or GROUP BY clause'
2025-03-09 19:56:48,332 - WARNING - Skipping malformed line: [19:56:48] [INFO] testing 'MySQL >= 5.1 error-based - PROCEDURE ANALYSE (EXTRACTVALUE)'
2025-03-09 19:56:57,492 - WARNING - Skipping malformed line: [19:56:57] [INFO] testing 'MySQL >= 5.0 error-based - Parameter replace (FLOOR)'
2025-03-09 19:56:58,103 - WARNING - Skipping malformed line: [19:56:58] [INFO] testing 'MySQL >= 5.1 error-based - Parameter replace (EXTRACTVALUE)'
2025-03-09 19:56:58,407 - WARNING - Skipping malformed line: [19:56:58] [INFO] testing 'PostgreSQL error-based - Parameter replace'
2025-03-09 19:56:58,813 - WARNING - Skipping malformed line: [19:56:58] [INFO] testing 'Microsoft SQL Server/Sybase error-based - Parameter replace'
2025-03-09 19:56:59,422 - WARNING - Skipping malformed line: [19:56:59] [INFO] testing 'Oracle error-based - Parameter replace'
2025-03-09 19:56:59,829 - WARNING - Skipping malformed line: [19:56:59] [INFO] testing 'MySQL >= 5.1 error-based - ORDER BY, GROUP BY clause (EXTRACTVALUE)'
2025-03-09 19:57:00,748 - WARNING - Skipping malformed line: [19:57:00] [INFO] testing 'MySQL >= 4.1 error-based - ORDER BY, GROUP BY clause (FLOOR)'
2025-03-09 19:57:01,458 - WARNING - Skipping malformed line: [19:57:01] [INFO] testing 'PostgreSQL error-based - ORDER BY, GROUP BY clause'
2025-03-09 19:57:02,172 - WARNING - Skipping malformed line: [19:57:02] [INFO] testing 'Microsoft SQL Server/Sybase error-based - Stacking (EXEC)'
2025-03-09 19:57:07,161 - WARNING - Skipping malformed line: [19:57:07] [INFO] testing 'Generic inline queries'
2025-03-09 19:57:07,466 - WARNING - Skipping malformed line: [19:57:07] [INFO] testing 'MySQL inline queries'
2025-03-09 19:57:08,078 - WARNING - Skipping malformed line: [19:57:08] [INFO] testing 'PostgreSQL inline queries'
2025-03-09 19:57:08,487 - WARNING - Skipping malformed line: [19:57:08] [INFO] testing 'Microsoft SQL Server/Sybase inline queries'
2025-03-09 19:57:08,792 - WARNING - Skipping malformed line: [19:57:08] [INFO] testing 'Oracle inline queries'
2025-03-09 19:57:09,098 - WARNING - Skipping malformed line: [19:57:09] [INFO] testing 'SQLite inline queries'
2025-03-09 19:57:09,709 - WARNING - Skipping malformed line: [19:57:09] [INFO] testing 'Firebird inline queries'
2025-03-09 19:57:10,118 - WARNING - Skipping malformed line: [19:57:10] [INFO] testing 'ClickHouse inline queries'
2025-03-09 19:57:10,525 - WARNING - Skipping malformed line: [19:57:10] [INFO] testing 'MySQL >= 5.0.12 stacked queries (comment)'
2025-03-09 19:57:15,715 - WARNING - Skipping malformed line: [19:57:15] [INFO] testing 'MySQL >= 5.0.12 stacked queries'
2025-03-09 19:57:24,777 - WARNING - Skipping malformed line: [19:57:24] [INFO] testing 'MySQL >= 5.0.12 stacked queries (query SLEEP - comment)'
2025-03-09 19:57:36,277 - WARNING - Skipping malformed line: [19:57:36] [INFO] testing 'MySQL < 5.0.12 stacked queries (BENCHMARK - comment)'
2025-03-09 19:57:44,626 - WARNING - Skipping malformed line: [19:57:44] [INFO] testing 'PostgreSQL > 8.1 stacked queries (comment)'
2025-03-09 19:57:56,337 - WARNING - Skipping malformed line: [19:57:56] [INFO] testing 'PostgreSQL stacked queries (heavy query - comment)'
2025-03-09 19:58:01,426 - WARNING - Skipping malformed line: [19:58:01] [INFO] testing 'PostgreSQL < 8.2 stacked queries (Glibc - comment)'
2025-03-09 19:58:06,819 - WARNING - Skipping malformed line: [19:58:06] [INFO] testing 'Microsoft SQL Server/Sybase stacked queries (comment)'
2025-03-09 19:58:11,910 - WARNING - Skipping malformed line: [19:58:11] [INFO] testing 'Microsoft SQL Server/Sybase stacked queries (DECLARE - comment)'
2025-03-09 19:58:17,308 - WARNING - Skipping malformed line: [19:58:17] [INFO] testing 'Oracle stacked queries (DBMS_PIPE.RECEIVE_MESSAGE - comment)'
2025-03-09 19:58:22,092 - WARNING - Skipping malformed line: [19:58:22] [INFO] testing 'Oracle stacked queries (heavy query - comment)'
2025-03-09 19:58:27,187 - WARNING - Skipping malformed line: [19:58:27] [INFO] testing 'IBM DB2 stacked queries (heavy query - comment)'
2025-03-09 19:58:32,379 - WARNING - Skipping malformed line: [19:58:32] [INFO] testing 'SQLite > 2.0 stacked queries (heavy query - comment)'
2025-03-09 19:58:37,167 - WARNING - Skipping malformed line: [19:58:37] [INFO] testing 'MySQL >= 5.0.12 AND time-based blind (query SLEEP)'
2025-03-09 19:58:47,040 - WARNING - Skipping malformed line: [19:58:47] [INFO] testing 'MySQL >= 5.0.12 OR time-based blind (query SLEEP)'
2025-03-09 19:58:56,207 - WARNING - Skipping malformed line: [19:58:56] [INFO] testing 'MySQL >= 5.0.12 AND time-based blind (SLEEP)'
2025-03-09 19:59:05,571 - WARNING - Skipping malformed line: [19:59:05] [INFO] testing 'MySQL >= 5.0.12 OR time-based blind (SLEEP)'
2025-03-09 19:59:15,451 - WARNING - Skipping malformed line: [19:59:15] [INFO] testing 'MySQL >= 5.0.12 AND time-based blind (SLEEP - comment)'
2025-03-09 19:59:20,543 - WARNING - Skipping malformed line: [19:59:20] [INFO] testing 'MySQL >= 5.0.12 OR time-based blind (SLEEP - comment)'
2025-03-09 19:59:26,029 - WARNING - Skipping malformed line: [19:59:25] [INFO] testing 'MySQL >= 5.0.12 AND time-based blind (query SLEEP - comment)'
2025-03-09 19:59:31,121 - WARNING - Skipping malformed line: [19:59:31] [INFO] testing 'MySQL >= 5.0.12 OR time-based blind (query SLEEP - comment)'
2025-03-09 19:59:36,016 - WARNING - Skipping malformed line: [19:59:35] [INFO] testing 'MySQL < 5.0.12 AND time-based blind (BENCHMARK)'
2025-03-09 19:59:45,073 - WARNING - Skipping malformed line: [19:59:45] [INFO] testing 'MySQL > 5.0.12 AND time-based blind (heavy query)'
2025-03-09 19:59:54,846 - WARNING - Skipping malformed line: [19:59:54] [INFO] testing 'MySQL < 5.0.12 OR time-based blind (BENCHMARK)'
2025-03-09 20:00:04,204 - WARNING - Skipping malformed line: [20:00:04] [INFO] testing 'MySQL > 5.0.12 OR time-based blind (heavy query)'
2025-03-09 20:00:15,716 - WARNING - Skipping malformed line: [20:00:15] [INFO] testing 'MySQL >= 5.0.12 RLIKE time-based blind'
2025-03-09 20:00:31,172 - WARNING - Skipping malformed line: [20:00:31] [INFO] testing 'MySQL >= 5.0.12 RLIKE time-based blind (query SLEEP)'
2025-03-09 20:00:40,360 - WARNING - Skipping malformed line: [20:00:40] [INFO] testing 'MySQL AND time-based blind (ELT)'
2025-03-09 20:00:52,469 - WARNING - Skipping malformed line: [20:00:52] [INFO] testing 'MySQL OR time-based blind (ELT)'
2025-03-09 20:01:01,662 - WARNING - Skipping malformed line: [20:01:01] [INFO] testing 'PostgreSQL > 8.1 AND time-based blind'
2025-03-09 20:01:10,950 - WARNING - Skipping malformed line: [20:01:10] [INFO] testing 'PostgreSQL > 8.1 OR time-based blind'
2025-03-09 20:01:20,355 - WARNING - Skipping malformed line: [20:01:20] [INFO] testing 'PostgreSQL AND time-based blind (heavy query)'
2025-03-09 20:01:29,446 - WARNING - Skipping malformed line: [20:01:29] [INFO] testing 'PostgreSQL OR time-based blind (heavy query)'
2025-03-09 20:01:39,253 - WARNING - Skipping malformed line: [20:01:39] [INFO] testing 'Microsoft SQL Server/Sybase time-based blind (IF)'
2025-03-09 20:01:48,856 - WARNING - Skipping malformed line: [20:01:48] [INFO] testing 'Microsoft SQL Server/Sybase AND time-based blind (heavy query)'
2025-03-09 20:01:57,849 - WARNING - Skipping malformed line: [20:01:57] [INFO] testing 'Microsoft SQL Server/Sybase OR time-based blind (heavy query)'
2025-03-09 20:02:07,444 - WARNING - Skipping malformed line: [20:02:07] [INFO] testing 'Oracle AND time-based blind'
2025-03-09 20:02:17,451 - WARNING - Skipping malformed line: [20:02:17] [INFO] testing 'Oracle OR time-based blind'
2025-03-09 20:02:31,687 - WARNING - Skipping malformed line: [20:02:31] [INFO] testing 'Oracle AND time-based blind (heavy query)'
2025-03-09 20:02:42,404 - WARNING - Skipping malformed line: [20:02:42] [INFO] testing 'Oracle OR time-based blind (heavy query)'
2025-03-09 20:02:52,109 - WARNING - Skipping malformed line: [20:02:52] [INFO] testing 'IBM DB2 AND time-based blind (heavy query)'
2025-03-09 20:03:01,705 - WARNING - Skipping malformed line: [20:03:01] [INFO] testing 'IBM DB2 OR time-based blind (heavy query)'
2025-03-09 20:03:12,978 - WARNING - Skipping malformed line: [20:03:12] [INFO] testing 'SQLite > 2.0 AND time-based blind (heavy query)'
2025-03-09 20:03:22,077 - WARNING - Skipping malformed line: [20:03:22] [INFO] testing 'SQLite > 2.0 OR time-based blind (heavy query)'
2025-03-09 20:03:31,263 - WARNING - Skipping malformed line: [20:03:31] [INFO] testing 'Informix AND time-based blind (heavy query)'
2025-03-09 20:03:40,752 - WARNING - Skipping malformed line: [20:03:40] [INFO] testing 'Informix OR time-based blind (heavy query)'
2025-03-09 20:13:36,163 - WARNING - Skipping malformed line: SQL Injection Scan in progress...
2025-03-09 20:13:36,365 - WARNING - Skipping malformed line: ___
2025-03-09 20:13:36,365 - WARNING - Skipping malformed line: __H__
2025-03-09 20:13:36,365 - WARNING - Skipping malformed line: ___ ___[,]_____ ___ ___  {1.9.2#pip}
2025-03-09 20:13:36,365 - WARNING - Skipping malformed line: |_ -| . [.]     | .'| . |
2025-03-09 20:13:36,365 - WARNING - Skipping malformed line: |___|_  [,]_|_|_|__,|  _|
2025-03-09 20:13:36,365 - WARNING - Skipping malformed line: |_|V...       |_|   https://sqlmap.org
2025-03-09 20:13:36,365 - WARNING - Skipping malformed line: 
2025-03-09 20:13:36,365 - WARNING - Skipping malformed line: [!] legal disclaimer: Usage of sqlmap for attacking targets without prior mutual consent is illegal. It is the end user's responsibility to obey all applicable local, state and federal laws. Developers assume no liability and are not responsible for any misuse or damage caused by this program
2025-03-09 20:13:36,365 - WARNING - Skipping malformed line: 
2025-03-09 20:13:36,365 - WARNING - Skipping malformed line: [*] starting @ 20:13:36 /2025-03-09/
2025-03-09 20:13:36,365 - WARNING - Skipping malformed line: 
2025-03-09 20:13:36,466 - WARNING - Skipping malformed line: [20:13:36] [INFO] testing connection to the target URL
2025-03-09 20:13:37,068 - WARNING - Skipping malformed line: [20:13:37] [INFO] checking if the target is protected by some kind of WAF/IPS
2025-03-09 20:13:37,469 - WARNING - Skipping malformed line: [20:13:37] [INFO] testing if the target URL content is stable
2025-03-09 20:13:37,871 - WARNING - Skipping malformed line: [20:13:37] [INFO] target URL content is stable
2025-03-09 20:13:37,871 - WARNING - Skipping malformed line: [20:13:37] [INFO] testing if parameter 'User-Agent' is dynamic
2025-03-09 20:13:38,173 - WARNING - Skipping malformed line: [20:13:38] [WARNING] parameter 'User-Agent' does not appear to be dynamic
2025-03-09 20:13:38,574 - WARNING - Skipping malformed line: [20:13:38] [WARNING] heuristic (basic) test shows that parameter 'User-Agent' might not be injectable
2025-03-09 20:13:38,875 - WARNING - Skipping malformed line: [20:13:38] [INFO] testing for SQL injection on parameter 'User-Agent'
2025-03-09 20:13:38,875 - WARNING - Skipping malformed line: [20:13:38] [INFO] testing 'AND boolean-based blind - WHERE or HAVING clause'
2025-03-09 20:13:46,601 - WARNING - Skipping malformed line: [20:13:46] [INFO] testing 'OR boolean-based blind - WHERE or HAVING clause'
2025-03-10 16:11:51,376 - WARNING - Skipping malformed line: SQL Injection Scan in progress...
2025-03-10 16:11:51,678 - WARNING - Skipping malformed line: ___
2025-03-10 16:11:51,678 - WARNING - Skipping malformed line: __H__
2025-03-10 16:11:51,678 - WARNING - Skipping malformed line: ___ ___[)]_____ ___ ___  {1.9.2#pip}
2025-03-10 16:11:51,678 - WARNING - Skipping malformed line: |_ -| . [.]     | .'| . |
2025-03-10 16:11:51,678 - WARNING - Skipping malformed line: |___|_  ["]_|_|_|__,|  _|
2025-03-10 16:11:51,678 - WARNING - Skipping malformed line: |_|V...       |_|   https://sqlmap.org
2025-03-10 16:11:51,678 - WARNING - Skipping malformed line: 
2025-03-10 16:11:51,678 - WARNING - Skipping malformed line: [!] legal disclaimer: Usage of sqlmap for attacking targets without prior mutual consent is illegal. It is the end user's responsibility to obey all applicable local, state and federal laws. Developers assume no liability and are not responsible for any misuse or damage caused by this program
2025-03-10 16:11:51,678 - WARNING - Skipping malformed line: 
2025-03-10 16:11:51,678 - WARNING - Skipping malformed line: [*] starting @ 16:11:51 /2025-03-10/
2025-03-10 16:11:51,678 - WARNING - Skipping malformed line: 
2025-03-10 16:11:51,678 - WARNING - Skipping malformed line: [16:11:51] [INFO] testing connection to the target URL
2025-03-10 16:11:52,282 - WARNING - Skipping malformed line: [16:11:52] [INFO] testing if the target URL content is stable
2025-03-10 16:11:52,797 - WARNING - Skipping malformed line: [16:11:52] [INFO] target URL content is stable
2025-03-10 16:11:52,797 - WARNING - Skipping malformed line: [16:11:52] [INFO] testing if parameter 'User-Agent' is dynamic
2025-03-10 16:11:53,300 - WARNING - Skipping malformed line: [16:11:53] [WARNING] parameter 'User-Agent' does not appear to be dynamic
2025-03-10 16:11:53,913 - WARNING - Skipping malformed line: [16:11:53] [WARNING] heuristic (basic) test shows that parameter 'User-Agent' might not be injectable
2025-03-10 16:11:54,943 - WARNING - Skipping malformed line: [16:11:54] [INFO] testing for SQL injection on parameter 'User-Agent'
2025-03-10 16:11:54,943 - WARNING - Skipping malformed line: [16:11:54] [INFO] testing 'AND boolean-based blind - WHERE or HAVING clause'
2025-03-10 16:12:04,346 - WARNING - Skipping malformed line: [16:12:04] [INFO] testing 'OR boolean-based blind - WHERE or HAVING clause'
2025-03-10 16:12:12,655 - WARNING - Skipping malformed line: [16:12:12] [INFO] testing 'OR boolean-based blind - WHERE or HAVING clause (NOT)'
2025-03-10 16:12:20,577 - WARNING - Skipping malformed line: [16:12:20] [INFO] testing 'AND boolean-based blind - WHERE or HAVING clause (subquery - comment)'
2025-03-10 16:12:26,214 - WARNING - Skipping malformed line: [16:12:26] [INFO] testing 'OR boolean-based blind - WHERE or HAVING clause (subquery - comment)'
2025-03-10 16:12:31,355 - WARNING - Skipping malformed line: [16:12:31] [INFO] testing 'AND boolean-based blind - WHERE or HAVING clause (comment)'
2025-03-10 16:12:33,748 - WARNING - Skipping malformed line: [16:12:33] [INFO] testing 'OR boolean-based blind - WHERE or HAVING clause (comment)'
2025-03-10 16:12:36,348 - WARNING - Skipping malformed line: [16:12:36] [INFO] testing 'OR boolean-based blind - WHERE or HAVING clause (NOT - comment)'
2025-03-10 16:12:38,914 - WARNING - Skipping malformed line: [16:12:38] [INFO] testing 'AND boolean-based blind - WHERE or HAVING clause (MySQL comment)'
2025-03-10 16:12:42,876 - WARNING - Skipping malformed line: [16:12:42] [INFO] testing 'OR boolean-based blind - WHERE or HAVING clause (MySQL comment)'
2025-03-10 16:12:47,039 - WARNING - Skipping malformed line: [16:12:46] [INFO] testing 'OR boolean-based blind - WHERE or HAVING clause (NOT - MySQL comment)'
2025-03-10 16:20:39,773 - WARNING - Skipping malformed line: SQL Injection Scan in progress...
2025-03-10 16:20:39,977 - WARNING - Skipping malformed line: ___
2025-03-10 16:20:39,977 - WARNING - Skipping malformed line: __H__
2025-03-10 16:20:39,977 - WARNING - Skipping malformed line: ___ ___["]_____ ___ ___  {1.9.2#pip}
2025-03-10 16:20:39,977 - WARNING - Skipping malformed line: |_ -| . [,]     | .'| . |
2025-03-10 16:20:39,977 - WARNING - Skipping malformed line: |___|_  [(]_|_|_|__,|  _|
2025-03-10 16:20:39,977 - WARNING - Skipping malformed line: |_|V...       |_|   https://sqlmap.org
2025-03-10 16:20:39,977 - WARNING - Skipping malformed line: 
2025-03-10 16:20:40,078 - WARNING - Skipping malformed line: [!] legal disclaimer: Usage of sqlmap for attacking targets without prior mutual consent is illegal. It is the end user's responsibility to obey all applicable local, state and federal laws. Developers assume no liability and are not responsible for any misuse or damage caused by this program
2025-03-10 16:20:40,079 - WARNING - Skipping malformed line: 
2025-03-10 16:20:40,079 - WARNING - Skipping malformed line: [*] starting @ 16:20:39 /2025-03-10/
2025-03-10 16:20:40,079 - WARNING - Skipping malformed line: 
2025-03-10 16:20:40,079 - WARNING - Skipping malformed line: [16:20:40] [INFO] testing connection to the target URL
2025-03-10 16:20:40,683 - WARNING - Skipping malformed line: [16:20:40] [INFO] testing if the target URL content is stable
2025-03-10 16:20:41,186 - WARNING - Skipping malformed line: [16:20:41] [INFO] target URL content is stable
2025-03-10 16:20:41,186 - WARNING - Skipping malformed line: [16:20:41] [INFO] testing if parameter 'User-Agent' is dynamic
2025-03-10 16:20:41,690 - WARNING - Skipping malformed line: [16:20:41] [WARNING] parameter 'User-Agent' does not appear to be dynamic
2025-03-10 16:20:42,195 - WARNING - Skipping malformed line: [16:20:42] [WARNING] heuristic (basic) test shows that parameter 'User-Agent' might not be injectable
2025-03-10 16:20:43,596 - WARNING - Skipping malformed line: [16:20:43] [INFO] testing for SQL injection on parameter 'User-Agent'
2025-03-10 16:20:43,596 - WARNING - Skipping malformed line: [16:20:43] [INFO] testing 'AND boolean-based blind - WHERE or HAVING clause'
2025-03-10 16:20:50,350 - WARNING - Skipping malformed line: [16:20:50] [INFO] testing 'OR boolean-based blind - WHERE or HAVING clause'
2025-03-10 16:20:56,809 - WARNING - Skipping malformed line: [16:20:56] [INFO] testing 'OR boolean-based blind - WHERE or HAVING clause (NOT)'
2025-03-10 16:21:02,361 - WARNING - Skipping malformed line: [16:21:02] [INFO] testing 'AND boolean-based blind - WHERE or HAVING clause (subquery - comment)'
2025-03-10 16:21:05,088 - WARNING - Skipping malformed line: [16:21:05] [INFO] testing 'OR boolean-based blind - WHERE or HAVING clause (subquery - comment)'
2025-03-10 16:21:08,716 - WARNING - Skipping malformed line: [16:21:08] [INFO] testing 'AND boolean-based blind - WHERE or HAVING clause (comment)'
2025-03-10 16:21:10,836 - WARNING - Skipping malformed line: [16:21:10] [INFO] testing 'OR boolean-based blind - WHERE or HAVING clause (comment)'
2025-03-10 16:21:13,561 - WARNING - Skipping malformed line: [16:21:13] [INFO] testing 'AND boolean-based blind - WHERE or HAVING clause (MySQL comment)'
2025-03-10 16:21:16,482 - WARNING - Skipping malformed line: [16:21:16] [INFO] testing 'OR boolean-based blind - WHERE or HAVING clause (MySQL comment)'
2025-03-10 16:21:20,758 - WARNING - Skipping malformed line: [16:21:20] [INFO] testing 'OR boolean-based blind - WHERE or HAVING clause (NOT - MySQL comment)'
2025-03-10 16:21:23,787 - WARNING - Skipping malformed line: [16:21:23] [INFO] testing 'AND boolean-based blind - WHERE or HAVING clause (Microsoft Access comment)'
2025-03-10 16:21:26,698 - WARNING - Skipping malformed line: [16:21:26] [INFO] testing 'OR boolean-based blind - WHERE or HAVING clause (Microsoft Access comment)'
2025-03-10 16:21:30,328 - WARNING - Skipping malformed line: [16:21:30] [INFO] testing 'MySQL RLIKE boolean-based blind - WHERE, HAVING, ORDER BY or GROUP BY clause'
2025-03-10 16:21:35,778 - WARNING - Skipping malformed line: [16:21:35] [INFO] testing 'MySQL AND boolean-based blind - WHERE, HAVING, ORDER BY or GROUP BY clause (MAKE_SET)'
2025-03-10 16:21:41,409 - WARNING - Skipping malformed line: [16:21:41] [INFO] testing 'MySQL OR boolean-based blind - WHERE, HAVING, ORDER BY or GROUP BY clause (MAKE_SET)'
2025-03-10 16:21:47,860 - WARNING - Skipping malformed line: [16:21:47] [INFO] testing 'PostgreSQL AND boolean-based blind - WHERE or HAVING clause (CAST)'
2025-03-10 16:21:53,574 - WARNING - Skipping malformed line: [16:21:53] [INFO] testing 'PostgreSQL OR boolean-based blind - WHERE or HAVING clause (CAST)'
2025-03-10 16:22:00,433 - WARNING - Skipping malformed line: [16:22:00] [INFO] testing 'Oracle AND boolean-based blind - WHERE or HAVING clause (CTXSYS.DRITHSX.SN)'
2025-03-10 16:22:06,080 - WARNING - Skipping malformed line: [16:22:06] [INFO] testing 'Oracle OR boolean-based blind - WHERE or HAVING clause (CTXSYS.DRITHSX.SN)'
2025-03-10 16:22:13,345 - WARNING - Skipping malformed line: [16:22:13] [INFO] testing 'SQLite AND boolean-based blind - WHERE, HAVING, GROUP BY or HAVING clause (JSON)'
2025-03-10 16:22:18,993 - WARNING - Skipping malformed line: [16:22:18] [INFO] testing 'SQLite OR boolean-based blind - WHERE, HAVING, GROUP BY or HAVING clause (JSON)'
2025-03-10 16:22:25,343 - WARNING - Skipping malformed line: [16:22:25] [INFO] testing 'Boolean-based blind - Parameter replace (original value)'
2025-03-10 16:22:25,545 - WARNING - Skipping malformed line: [16:22:25] [INFO] testing 'PostgreSQL boolean-based blind - Parameter replace'
2025-03-10 16:22:25,747 - WARNING - Skipping malformed line: [16:22:25] [INFO] testing 'Microsoft SQL Server/Sybase boolean-based blind - Parameter replace'
2025-03-10 16:22:25,949 - WARNING - Skipping malformed line: [16:22:25] [INFO] testing 'Oracle boolean-based blind - Parameter replace'
2025-03-10 16:22:26,252 - WARNING - Skipping malformed line: [16:22:26] [INFO] testing 'Informix boolean-based blind - Parameter replace'
2025-03-10 16:22:26,454 - WARNING - Skipping malformed line: [16:22:26] [INFO] testing 'Microsoft Access boolean-based blind - Parameter replace'
2025-03-10 16:22:26,757 - WARNING - Skipping malformed line: [16:22:26] [INFO] testing 'Boolean-based blind - Parameter replace (DUAL)'
2025-03-10 16:22:27,059 - WARNING - Skipping malformed line: [16:22:27] [INFO] testing 'Boolean-based blind - Parameter replace (DUAL - original value)'
2025-03-10 16:22:27,362 - WARNING - Skipping malformed line: [16:22:27] [INFO] testing 'Boolean-based blind - Parameter replace (CASE)'
2025-03-10 16:22:27,563 - WARNING - Skipping malformed line: [16:22:27] [INFO] testing 'Boolean-based blind - Parameter replace (CASE - original value)'
2025-03-10 16:22:29,112 - WARNING - Skipping malformed line: [16:22:27] [INFO] testing 'MySQL >= 5.0 boolean-based blind - ORDER BY, GROUP BY clause'
2025-03-10 16:22:29,112 - WARNING - Skipping malformed line: [16:22:28] [INFO] testing 'MySQL >= 5.0 boolean-based blind - ORDER BY, GROUP BY clause (original value)'
2025-03-10 16:22:29,112 - WARNING - Skipping malformed line: [16:22:28] [INFO] testing 'MySQL < 5.0 boolean-based blind - ORDER BY, GROUP BY clause'
2025-03-10 16:22:29,112 - WARNING - Skipping malformed line: [16:22:28] [INFO] testing 'PostgreSQL boolean-based blind - ORDER BY, GROUP BY clause'
2025-03-10 16:22:29,414 - WARNING - Skipping malformed line: [16:22:29] [INFO] testing 'Microsoft SQL Server/Sybase boolean-based blind - ORDER BY clause'
2025-03-10 16:22:29,922 - WARNING - Skipping malformed line: [16:22:29] [INFO] testing 'Oracle boolean-based blind - ORDER BY, GROUP BY clause'
2025-03-10 16:22:30,525 - WARNING - Skipping malformed line: [16:22:30] [INFO] testing 'HAVING boolean-based blind - WHERE, GROUP BY clause'
2025-03-10 16:22:36,361 - WARNING - Skipping malformed line: [16:22:35] [INFO] testing 'PostgreSQL boolean-based blind - Stacked queries'
2025-03-10 16:22:38,886 - WARNING - Skipping malformed line: [16:22:38] [INFO] testing 'Microsoft SQL Server/Sybase boolean-based blind - Stacked queries (IF)'
2025-03-10 16:22:41,801 - WARNING - Skipping malformed line: [16:22:41] [INFO] testing 'MySQL >= 5.0 AND error-based - WHERE, HAVING, ORDER BY or GROUP BY clause (FLOOR)'
2025-03-10 16:22:45,232 - WARNING - Skipping malformed line: [16:22:45] [INFO] testing 'MySQL >= 5.0 OR error-based - WHERE, HAVING, ORDER BY or GROUP BY clause (FLOOR)'
2025-03-10 16:22:48,658 - WARNING - Skipping malformed line: [16:22:48] [INFO] testing 'MySQL >= 5.1 AND error-based - WHERE, HAVING, ORDER BY or GROUP BY clause (EXTRACTVALUE)'
2025-03-10 16:22:56,150 - WARNING - Skipping malformed line: [16:22:56] [WARNING] there is a possibility that the target (or WAF/IPS) is dropping 'suspicious' requests
2025-03-10 16:22:56,150 - WARNING - Skipping malformed line: [16:22:56] [CRITICAL] connection timed out to the target URL. sqlmap is going to retry the request(s)
2025-03-10 16:28:59,297 - WARNING - Skipping malformed line: [16:28:59] [CRITICAL] connection timed out to the target URL. sqlmap is going to retry the request(s)
2025-03-10 16:32:09,753 - WARNING - Skipping malformed line: [16:32:09] [INFO] testing 'MySQL >= 5.1 OR error-based - WHERE, HAVING, ORDER BY or GROUP BY clause (EXTRACTVALUE)'
2025-03-10 16:33:59,212 - WARNING - Skipping malformed line: [16:33:59] [INFO] testing 'MySQL >= 5.1 AND error-based - WHERE, HAVING, ORDER BY or GROUP BY clause (UPDATEXML)'
2025-03-10 16:34:02,850 - WARNING - Skipping malformed line: [16:34:02] [INFO] testing 'MySQL >= 5.1 OR error-based - WHERE, HAVING, ORDER BY or GROUP BY clause (UPDATEXML)'
2025-03-10 16:34:06,574 - WARNING - Skipping malformed line: [16:34:06] [INFO] testing 'MySQL >= 4.1 AND error-based - WHERE, HAVING, ORDER BY or GROUP BY clause (FLOOR)'
2025-03-10 16:34:10,298 - WARNING - Skipping malformed line: [16:34:10] [INFO] testing 'MySQL >= 4.1 OR error-based - WHERE or HAVING clause (FLOOR)'
2025-03-10 16:34:14,336 - WARNING - Skipping malformed line: [16:34:14] [INFO] testing 'PostgreSQL AND error-based - WHERE or HAVING clause'
2025-03-10 16:34:17,968 - WARNING - Skipping malformed line: [16:34:17] [INFO] testing 'PostgreSQL OR error-based - WHERE or HAVING clause'
2025-03-10 16:34:21,501 - WARNING - Skipping malformed line: [16:34:21] [INFO] testing 'Microsoft SQL Server/Sybase AND error-based - WHERE or HAVING clause (IN)'
2025-03-10 16:34:25,637 - WARNING - Skipping malformed line: [16:34:25] [INFO] testing 'Microsoft SQL Server/Sybase OR error-based - WHERE or HAVING clause (IN)'
2025-03-10 16:34:29,371 - WARNING - Skipping malformed line: [16:34:29] [INFO] testing 'Microsoft SQL Server/Sybase AND error-based - WHERE or HAVING clause (CONVERT)'
2025-03-10 16:34:33,097 - WARNING - Skipping malformed line: [16:34:33] [INFO] testing 'Microsoft SQL Server/Sybase OR error-based - WHERE or HAVING clause (CONVERT)'
2025-03-10 16:34:36,323 - WARNING - Skipping malformed line: [16:34:36] [INFO] testing 'Microsoft SQL Server/Sybase AND error-based - WHERE or HAVING clause (CONCAT)'
2025-03-10 16:34:39,754 - WARNING - Skipping malformed line: [16:34:39] [INFO] testing 'Microsoft SQL Server/Sybase OR error-based - WHERE or HAVING clause (CONCAT)'
2025-03-10 16:34:42,983 - WARNING - Skipping malformed line: [16:34:42] [INFO] testing 'Oracle AND error-based - WHERE or HAVING clause (XMLType)'
2025-03-10 16:34:47,628 - WARNING - Skipping malformed line: [16:34:47] [INFO] testing 'Oracle OR error-based - WHERE or HAVING clause (XMLType)'
2025-03-10 16:34:50,961 - WARNING - Skipping malformed line: [16:34:50] [INFO] testing 'Oracle AND error-based - WHERE or HAVING clause (UTL_INADDR.GET_HOST_ADDRESS)'
2025-03-10 16:34:54,182 - WARNING - Skipping malformed line: [16:34:54] [INFO] testing 'Oracle OR error-based - WHERE or HAVING clause (UTL_INADDR.GET_HOST_ADDRESS)'
2025-03-10 16:34:57,603 - WARNING - Skipping malformed line: [16:34:57] [INFO] testing 'Oracle AND error-based - WHERE or HAVING clause (CTXSYS.DRITHSX.SN)'
2025-03-10 16:35:01,439 - WARNING - Skipping malformed line: [16:35:01] [INFO] testing 'Oracle OR error-based - WHERE or HAVING clause (CTXSYS.DRITHSX.SN)'
2025-03-10 16:35:05,274 - WARNING - Skipping malformed line: [16:35:05] [INFO] testing 'Firebird AND error-based - WHERE or HAVING clause'
2025-03-10 16:35:09,112 - WARNING - Skipping malformed line: [16:35:09] [INFO] testing 'MonetDB AND error-based - WHERE or HAVING clause'
2025-03-10 16:35:12,949 - WARNING - Skipping malformed line: [16:35:12] [INFO] testing 'Vertica AND error-based - WHERE or HAVING clause'
2025-03-10 16:35:16,784 - WARNING - Skipping malformed line: [16:35:16] [INFO] testing 'IBM DB2 AND error-based - WHERE or HAVING clause'
2025-03-10 16:35:21,020 - WARNING - Skipping malformed line: [16:35:20] [INFO] testing 'ClickHouse AND error-based - WHERE, HAVING, ORDER BY or GROUP BY clause'
2025-03-10 16:35:24,756 - WARNING - Skipping malformed line: [16:35:24] [INFO] testing 'MySQL >= 5.1 error-based - PROCEDURE ANALYSE (EXTRACTVALUE)'
2025-03-10 16:35:28,390 - WARNING - Skipping malformed line: [16:35:28] [INFO] testing 'MySQL >= 5.0 error-based - Parameter replace (FLOOR)'
2025-03-10 16:35:28,591 - WARNING - Skipping malformed line: [16:35:28] [INFO] testing 'MySQL >= 5.1 error-based - Parameter replace (EXTRACTVALUE)'
2025-03-10 16:35:28,692 - WARNING - Skipping malformed line: [16:35:28] [INFO] testing 'PostgreSQL error-based - Parameter replace'
2025-03-10 16:35:28,894 - WARNING - Skipping malformed line: [16:35:28] [INFO] testing 'Microsoft SQL Server/Sybase error-based - Parameter replace'
2025-03-10 16:35:29,096 - WARNING - Skipping malformed line: [16:35:29] [INFO] testing 'Oracle error-based - Parameter replace'
2025-03-10 16:35:29,196 - WARNING - Skipping malformed line: [16:35:29] [INFO] testing 'MySQL >= 5.1 error-based - ORDER BY, GROUP BY clause (EXTRACTVALUE)'
2025-03-10 16:35:29,499 - WARNING - Skipping malformed line: [16:35:29] [INFO] testing 'MySQL >= 4.1 error-based - ORDER BY, GROUP BY clause (FLOOR)'
2025-03-10 16:35:29,904 - WARNING - Skipping malformed line: [16:35:29] [INFO] testing 'PostgreSQL error-based - ORDER BY, GROUP BY clause'
2025-03-10 16:35:30,308 - WARNING - Skipping malformed line: [16:35:30] [INFO] testing 'Microsoft SQL Server/Sybase error-based - Stacking (EXEC)'
2025-03-10 16:35:32,224 - WARNING - Skipping malformed line: [16:35:32] [INFO] testing 'Generic inline queries'
2025-03-10 16:35:32,426 - WARNING - Skipping malformed line: [16:35:32] [INFO] testing 'MySQL inline queries'
2025-03-10 16:35:32,527 - WARNING - Skipping malformed line: [16:35:32] [INFO] testing 'PostgreSQL inline queries'
2025-03-10 16:35:32,628 - WARNING - Skipping malformed line: [16:35:32] [INFO] testing 'Microsoft SQL Server/Sybase inline queries'
2025-03-10 16:35:32,831 - WARNING - Skipping malformed line: [16:35:32] [INFO] testing 'Oracle inline queries'
2025-03-10 16:35:33,033 - WARNING - Skipping malformed line: [16:35:32] [INFO] testing 'SQLite inline queries'
2025-03-10 16:35:33,134 - WARNING - Skipping malformed line: [16:35:33] [INFO] testing 'Firebird inline queries'
2025-03-10 16:35:33,236 - WARNING - Skipping malformed line: [16:35:33] [INFO] testing 'ClickHouse inline queries'
2025-03-10 16:35:33,537 - WARNING - Skipping malformed line: [16:35:33] [INFO] testing 'MySQL >= 5.0.12 stacked queries (comment)'
2025-03-10 16:35:35,456 - WARNING - Skipping malformed line: [16:35:35] [INFO] testing 'MySQL >= 5.0.12 stacked queries'
2025-03-10 16:35:38,682 - WARNING - Skipping malformed line: [16:35:38] [INFO] testing 'MySQL >= 5.0.12 stacked queries (query SLEEP - comment)'
2025-03-10 16:35:40,494 - WARNING - Skipping malformed line: [16:35:40] [INFO] testing 'MySQL < 5.0.12 stacked queries (BENCHMARK - comment)'
2025-03-10 16:35:42,308 - WARNING - Skipping malformed line: [16:35:42] [INFO] testing 'PostgreSQL > 8.1 stacked queries (comment)'
2025-03-10 16:35:44,329 - WARNING - Skipping malformed line: [16:35:44] [INFO] testing 'PostgreSQL stacked queries (heavy query - comment)'
2025-03-10 16:35:46,248 - WARNING - Skipping malformed line: [16:35:46] [INFO] testing 'PostgreSQL < 8.2 stacked queries (Glibc - comment)'
2025-03-10 16:35:47,965 - WARNING - Skipping malformed line: [16:35:47] [INFO] testing 'Microsoft SQL Server/Sybase stacked queries (comment)'
2025-03-10 16:35:49,781 - WARNING - Skipping malformed line: [16:35:49] [INFO] testing 'Microsoft SQL Server/Sybase stacked queries (DECLARE - comment)'
2025-03-10 16:35:51,702 - WARNING - Skipping malformed line: [16:35:51] [INFO] testing 'Oracle stacked queries (DBMS_PIPE.RECEIVE_MESSAGE - comment)'
2025-03-10 16:35:53,316 - WARNING - Skipping malformed line: [16:35:53] [INFO] testing 'Oracle stacked queries (heavy query - comment)'
2025-03-10 16:35:55,032 - WARNING - Skipping malformed line: [16:35:55] [INFO] testing 'IBM DB2 stacked queries (heavy query - comment)'
2025-03-10 16:35:56,849 - WARNING - Skipping malformed line: [16:35:56] [INFO] testing 'SQLite > 2.0 stacked queries (heavy query - comment)'
2025-03-10 16:35:58,768 - WARNING - Skipping malformed line: [16:35:58] [INFO] testing 'MySQL >= 5.0.12 AND time-based blind (query SLEEP)'
2025-03-10 16:36:02,093 - WARNING - Skipping malformed line: [16:36:02] [INFO] testing 'MySQL >= 5.0.12 OR time-based blind (query SLEEP)'
2025-03-10 16:36:05,324 - WARNING - Skipping malformed line: [16:36:05] [INFO] testing 'MySQL >= 5.0.12 AND time-based blind (SLEEP)'
2025-03-10 16:36:08,860 - WARNING - Skipping malformed line: [16:36:08] [INFO] testing 'MySQL >= 5.0.12 OR time-based blind (SLEEP)'
2025-03-10 16:36:11,989 - WARNING - Skipping malformed line: [16:36:11] [INFO] testing 'MySQL >= 5.0.12 AND time-based blind (SLEEP - comment)'
2025-03-10 16:36:13,909 - WARNING - Skipping malformed line: [16:36:13] [INFO] testing 'MySQL >= 5.0.12 OR time-based blind (SLEEP - comment)'
2025-03-10 16:36:15,826 - WARNING - Skipping malformed line: [16:36:15] [INFO] testing 'MySQL >= 5.0.12 AND time-based blind (query SLEEP - comment)'
2025-03-10 16:36:17,946 - WARNING - Skipping malformed line: [16:36:17] [INFO] testing 'MySQL >= 5.0.12 OR time-based blind (query SLEEP - comment)'
2025-03-10 16:36:19,964 - WARNING - Skipping malformed line: [16:36:19] [INFO] testing 'MySQL < 5.0.12 AND time-based blind (BENCHMARK)'
2025-03-10 16:36:22,989 - WARNING - Skipping malformed line: [16:36:22] [INFO] testing 'MySQL > 5.0.12 AND time-based blind (heavy query)'
2025-03-10 16:36:26,319 - WARNING - Skipping malformed line: [16:36:26] [INFO] testing 'MySQL < 5.0.12 OR time-based blind (BENCHMARK)'
2025-03-10 16:36:29,650 - WARNING - Skipping malformed line: [16:36:29] [INFO] testing 'MySQL > 5.0.12 OR time-based blind (heavy query)'
2025-03-10 16:36:32,983 - WARNING - Skipping malformed line: [16:36:32] [INFO] testing 'MySQL >= 5.0.12 RLIKE time-based blind'
2025-03-10 16:36:36,520 - WARNING - Skipping malformed line: [16:36:36] [INFO] testing 'MySQL >= 5.0.12 RLIKE time-based blind (query SLEEP)'
2025-03-10 16:36:39,851 - WARNING - Skipping malformed line: [16:36:39] [INFO] testing 'MySQL AND time-based blind (ELT)'
2025-03-10 16:36:43,279 - WARNING - Skipping malformed line: [16:36:43] [INFO] testing 'MySQL OR time-based blind (ELT)'
2025-03-10 16:36:46,204 - WARNING - Skipping malformed line: [16:36:46] [INFO] testing 'PostgreSQL > 8.1 AND time-based blind'
2025-03-10 16:36:49,327 - WARNING - Skipping malformed line: [16:36:49] [INFO] testing 'PostgreSQL > 8.1 OR time-based blind'
2025-03-10 16:36:52,658 - WARNING - Skipping malformed line: [16:36:52] [INFO] testing 'PostgreSQL AND time-based blind (heavy query)'
2025-03-10 16:36:55,584 - WARNING - Skipping malformed line: [16:36:55] [INFO] testing 'PostgreSQL OR time-based blind (heavy query)'
2025-03-10 16:36:58,711 - WARNING - Skipping malformed line: [16:36:58] [INFO] testing 'Microsoft SQL Server/Sybase time-based blind (IF)'
2025-03-10 16:37:01,436 - WARNING - Skipping malformed line: [16:37:01] [INFO] testing 'Microsoft SQL Server/Sybase AND time-based blind (heavy query)'
2025-03-10 16:37:04,663 - WARNING - Skipping malformed line: [16:37:04] [INFO] testing 'Microsoft SQL Server/Sybase OR time-based blind (heavy query)'
2025-03-10 16:37:07,690 - WARNING - Skipping malformed line: [16:37:07] [INFO] testing 'Oracle AND time-based blind'
2025-03-10 16:37:11,123 - WARNING - Skipping malformed line: [16:37:11] [INFO] testing 'Oracle OR time-based blind'
2025-03-10 16:37:14,454 - WARNING - Skipping malformed line: [16:37:14] [INFO] testing 'Oracle AND time-based blind (heavy query)'
2025-03-10 16:37:17,788 - WARNING - Skipping malformed line: [16:37:17] [INFO] testing 'Oracle OR time-based blind (heavy query)'
2025-03-10 16:37:20,916 - WARNING - Skipping malformed line: [16:37:20] [INFO] testing 'IBM DB2 AND time-based blind (heavy query)'
2025-03-10 16:37:24,145 - WARNING - Skipping malformed line: [16:37:24] [INFO] testing 'IBM DB2 OR time-based blind (heavy query)'
2025-03-10 16:37:28,385 - WARNING - Skipping malformed line: [16:37:28] [INFO] testing 'SQLite > 2.0 AND time-based blind (heavy query)'
2025-03-10 16:37:31,717 - WARNING - Skipping malformed line: [16:37:31] [INFO] testing 'SQLite > 2.0 OR time-based blind (heavy query)'
2025-03-10 16:37:34,946 - WARNING - Skipping malformed line: [16:37:34] [INFO] testing 'Informix AND time-based blind (heavy query)'
2025-03-10 16:37:38,278 - WARNING - Skipping malformed line: [16:37:38] [INFO] testing 'Informix OR time-based blind (heavy query)'
2025-03-10 16:37:41,709 - WARNING - Skipping malformed line: [16:37:41] [INFO] testing 'MySQL >= 5.1 time-based blind (heavy query) - PROCEDURE ANALYSE (EXTRACTVALUE)'
2025-03-10 16:37:45,236 - WARNING - Skipping malformed line: [16:37:45] [INFO] testing 'MySQL >= 5.0.12 time-based blind - Parameter replace'
2025-03-10 16:37:45,336 - WARNING - Skipping malformed line: [16:37:45] [INFO] testing 'MySQL >= 5.0.12 time-based blind - Parameter replace (substraction)'
2025-03-10 16:37:45,537 - WARNING - Skipping malformed line: [16:37:45] [INFO] testing 'PostgreSQL > 8.1 time-based blind - Parameter replace'
2025-03-10 16:37:45,638 - WARNING - Skipping malformed line: [16:37:45] [INFO] testing 'Oracle time-based blind - Parameter replace (DBMS_LOCK.SLEEP)'
2025-03-10 16:37:45,839 - WARNING - Skipping malformed line: [16:37:45] [INFO] testing 'Oracle time-based blind - Parameter replace (DBMS_PIPE.RECEIVE_MESSAGE)'
2025-03-10 16:37:45,940 - WARNING - Skipping malformed line: [16:37:45] [INFO] testing 'MySQL >= 5.0.12 time-based blind - ORDER BY, GROUP BY clause'
2025-03-10 16:37:46,342 - WARNING - Skipping malformed line: [16:37:46] [INFO] testing 'PostgreSQL > 8.1 time-based blind - ORDER BY, GROUP BY clause'
2025-03-10 16:37:46,645 - WARNING - Skipping malformed line: [16:37:46] [INFO] testing 'Oracle time-based blind - ORDER BY, GROUP BY clause (DBMS_LOCK.SLEEP)'
2025-03-10 16:37:46,947 - WARNING - Skipping malformed line: [16:37:46] [INFO] testing 'Oracle time-based blind - ORDER BY, GROUP BY clause (DBMS_PIPE.RECEIVE_MESSAGE)'
2025-03-10 16:37:47,350 - WARNING - Skipping malformed line: it is recommended to perform only basic UNION tests if there is not at least one other (potential) technique found. Do you want to reduce the number of requests? [Y/n] Y
2025-03-10 16:37:47,351 - WARNING - Skipping malformed line: [16:37:47] [INFO] testing 'Generic UNION query (NULL) - 1 to 10 columns'
2025-03-10 16:37:55,325 - WARNING - Skipping malformed line: [16:37:55] [INFO] testing 'Generic UNION query (random number) - 1 to 10 columns'
2025-03-10 16:38:02,490 - WARNING - Skipping malformed line: [16:38:02] [INFO] testing 'MySQL UNION query (NULL) - 1 to 10 columns'
2025-03-10 16:38:09,948 - WARNING - Skipping malformed line: [16:38:09] [INFO] testing 'MySQL UNION query (random number) - 1 to 10 columns'
2025-03-10 16:38:16,908 - WARNING - Skipping malformed line: [16:38:16] [WARNING] parameter 'User-Agent' does not seem to be injectable
2025-03-10 16:38:16,908 - WARNING - Skipping malformed line: [16:38:16] [INFO] testing if parameter 'Referer' is dynamic
2025-03-10 16:38:17,009 - WARNING - Skipping malformed line: [16:38:17] [WARNING] parameter 'Referer' does not appear to be dynamic
2025-03-10 16:38:17,211 - WARNING - Skipping malformed line: [16:38:17] [WARNING] heuristic (basic) test shows that parameter 'Referer' might not be injectable
2025-03-10 16:38:17,817 - WARNING - Skipping malformed line: [16:38:17] [INFO] testing for SQL injection on parameter 'Referer'
2025-03-10 16:38:17,918 - WARNING - Skipping malformed line: [16:38:17] [INFO] testing 'AND boolean-based blind - WHERE or HAVING clause'
2025-03-10 16:38:23,165 - WARNING - Skipping malformed line: [16:38:23] [INFO] testing 'OR boolean-based blind - WHERE or HAVING clause'
2025-03-10 16:38:30,727 - WARNING - Skipping malformed line: [16:38:30] [INFO] testing 'OR boolean-based blind - WHERE or HAVING clause (NOT)'
2025-03-10 16:38:36,374 - WARNING - Skipping malformed line: [16:38:36] [INFO] testing 'AND boolean-based blind - WHERE or HAVING clause (subquery - comment)'
2025-03-10 16:38:39,296 - WARNING - Skipping malformed line: [16:38:39] [INFO] testing 'OR boolean-based blind - WHERE or HAVING clause (subquery - comment)'
2025-03-10 16:38:43,328 - WARNING - Skipping malformed line: [16:38:43] [INFO] testing 'AND boolean-based blind - WHERE or HAVING clause (comment)'
2025-03-10 16:38:45,648 - WARNING - Skipping malformed line: [16:38:45] [INFO] testing 'OR boolean-based blind - WHERE or HAVING clause (comment)'
2025-03-10 16:38:48,171 - WARNING - Skipping malformed line: [16:38:48] [INFO] testing 'AND boolean-based blind - WHERE or HAVING clause (MySQL comment)'
2025-03-10 16:38:51,300 - WARNING - Skipping malformed line: [16:38:51] [INFO] testing 'OR boolean-based blind - WHERE or HAVING clause (MySQL comment)'
2025-03-10 16:38:54,524 - WARNING - Skipping malformed line: [16:38:54] [INFO] testing 'OR boolean-based blind - WHERE or HAVING clause (NOT - MySQL comment)'
2025-03-10 16:38:57,243 - WARNING - Skipping malformed line: [16:38:57] [INFO] testing 'AND boolean-based blind - WHERE or HAVING clause (Microsoft Access comment)'
2025-03-10 16:39:00,270 - WARNING - Skipping malformed line: [16:39:00] [INFO] testing 'OR boolean-based blind - WHERE or HAVING clause (Microsoft Access comment)'
2025-03-10 16:39:03,901 - WARNING - Skipping malformed line: [16:39:03] [INFO] testing 'MySQL RLIKE boolean-based blind - WHERE, HAVING, ORDER BY or GROUP BY clause'
2025-03-10 16:39:09,453 - WARNING - Skipping malformed line: [16:39:09] [INFO] testing 'MySQL AND boolean-based blind - WHERE, HAVING, ORDER BY or GROUP BY clause (MAKE_SET)'
2025-03-10 16:39:15,307 - WARNING - Skipping malformed line: [16:39:15] [INFO] testing 'MySQL OR boolean-based blind - WHERE, HAVING, ORDER BY or GROUP BY clause (MAKE_SET)'
2025-03-10 16:39:22,769 - WARNING - Skipping malformed line: [16:39:22] [INFO] testing 'PostgreSQL AND boolean-based blind - WHERE or HAVING clause (CAST)'
2025-03-10 16:39:29,537 - WARNING - Skipping malformed line: [16:39:29] [INFO] testing 'PostgreSQL OR boolean-based blind - WHERE or HAVING clause (CAST)'
2025-03-10 16:39:37,005 - WARNING - Skipping malformed line: [16:39:36] [INFO] testing 'Oracle AND boolean-based blind - WHERE or HAVING clause (CTXSYS.DRITHSX.SN)'
2025-03-10 16:39:42,744 - WARNING - Skipping malformed line: [16:39:42] [INFO] testing 'Oracle OR boolean-based blind - WHERE or HAVING clause (CTXSYS.DRITHSX.SN)'
2025-03-10 16:39:49,809 - WARNING - Skipping malformed line: [16:39:49] [INFO] testing 'SQLite AND boolean-based blind - WHERE, HAVING, GROUP BY or HAVING clause (JSON)'
2025-03-10 16:39:56,569 - WARNING - Skipping malformed line: [16:39:56] [INFO] testing 'SQLite OR boolean-based blind - WHERE, HAVING, GROUP BY or HAVING clause (JSON)'
2025-03-10 16:40:03,832 - WARNING - Skipping malformed line: [16:40:03] [INFO] testing 'Boolean-based blind - Parameter replace (original value)'
2025-03-10 16:40:04,135 - WARNING - Skipping malformed line: [16:40:04] [INFO] testing 'PostgreSQL boolean-based blind - Parameter replace'
2025-03-10 16:40:04,438 - WARNING - Skipping malformed line: [16:40:04] [INFO] testing 'Microsoft SQL Server/Sybase boolean-based blind - Parameter replace'
2025-03-10 16:40:04,741 - WARNING - Skipping malformed line: [16:40:04] [INFO] testing 'Oracle boolean-based blind - Parameter replace'
2025-03-10 16:40:04,943 - WARNING - Skipping malformed line: [16:40:04] [INFO] testing 'Informix boolean-based blind - Parameter replace'
2025-03-10 16:40:05,145 - WARNING - Skipping malformed line: [16:40:05] [INFO] testing 'Microsoft Access boolean-based blind - Parameter replace'
2025-03-10 16:40:05,447 - WARNING - Skipping malformed line: [16:40:05] [INFO] testing 'Boolean-based blind - Parameter replace (DUAL)'
2025-03-10 16:40:05,649 - WARNING - Skipping malformed line: [16:40:05] [INFO] testing 'Boolean-based blind - Parameter replace (DUAL - original value)'
2025-03-10 16:40:05,851 - WARNING - Skipping malformed line: [16:40:05] [INFO] testing 'Boolean-based blind - Parameter replace (CASE)'
2025-03-10 16:40:06,153 - WARNING - Skipping malformed line: [16:40:06] [INFO] testing 'Boolean-based blind - Parameter replace (CASE - original value)'
2025-03-10 16:40:06,457 - WARNING - Skipping malformed line: [16:40:06] [INFO] testing 'MySQL >= 5.0 boolean-based blind - ORDER BY, GROUP BY clause'
2025-03-10 16:40:07,062 - WARNING - Skipping malformed line: [16:40:07] [INFO] testing 'MySQL >= 5.0 boolean-based blind - ORDER BY, GROUP BY clause (original value)'
2025-03-10 16:40:07,567 - WARNING - Skipping malformed line: [16:40:07] [INFO] testing 'MySQL < 5.0 boolean-based blind - ORDER BY, GROUP BY clause'
2025-03-10 16:40:07,567 - WARNING - Skipping malformed line: [16:40:07] [INFO] testing 'PostgreSQL boolean-based blind - ORDER BY, GROUP BY clause'
2025-03-10 16:40:08,071 - WARNING - Skipping malformed line: [16:40:08] [INFO] testing 'Microsoft SQL Server/Sybase boolean-based blind - ORDER BY clause'
2025-03-10 16:40:08,576 - WARNING - Skipping malformed line: [16:40:08] [INFO] testing 'Oracle boolean-based blind - ORDER BY, GROUP BY clause'
2025-03-10 16:40:09,081 - WARNING - Skipping malformed line: [16:40:09] [INFO] testing 'HAVING boolean-based blind - WHERE, GROUP BY clause'
2025-03-10 16:40:14,127 - WARNING - Skipping malformed line: [16:40:14] [INFO] testing 'PostgreSQL boolean-based blind - Stacked queries'
2025-03-10 16:40:17,055 - WARNING - Skipping malformed line: [16:40:16] [INFO] testing 'Microsoft SQL Server/Sybase boolean-based blind - Stacked queries (IF)'
2025-03-10 16:40:20,084 - WARNING - Skipping malformed line: [16:40:20] [INFO] testing 'MySQL >= 5.0 AND error-based - WHERE, HAVING, ORDER BY or GROUP BY clause (FLOOR)'
2025-03-10 16:40:23,913 - WARNING - Skipping malformed line: [16:40:23] [INFO] testing 'MySQL >= 5.0 OR error-based - WHERE, HAVING, ORDER BY or GROUP BY clause (FLOOR)'
2025-03-10 16:40:27,546 - WARNING - Skipping malformed line: [16:40:27] [INFO] testing 'MySQL >= 5.1 AND error-based - WHERE, HAVING, ORDER BY or GROUP BY clause (EXTRACTVALUE)'
2025-03-10 16:40:31,077 - WARNING - Skipping malformed line: [16:40:31] [INFO] testing 'MySQL >= 5.1 OR error-based - WHERE, HAVING, ORDER BY or GROUP BY clause (EXTRACTVALUE)'
2025-03-10 16:40:34,808 - WARNING - Skipping malformed line: [16:40:34] [INFO] testing 'MySQL >= 5.1 AND error-based - WHERE, HAVING, ORDER BY or GROUP BY clause (UPDATEXML)'
2025-03-10 16:40:38,362 - WARNING - Skipping malformed line: [16:40:38] [INFO] testing 'MySQL >= 5.1 OR error-based - WHERE, HAVING, ORDER BY or GROUP BY clause (UPDATEXML)'
2025-03-10 16:40:41,912 - WARNING - Skipping malformed line: [16:40:41] [INFO] testing 'MySQL >= 4.1 AND error-based - WHERE, HAVING, ORDER BY or GROUP BY clause (FLOOR)'
2025-03-10 16:40:45,657 - WARNING - Skipping malformed line: [16:40:45] [INFO] testing 'MySQL >= 4.1 OR error-based - WHERE or HAVING clause (FLOOR)'
2025-03-10 16:40:49,508 - WARNING - Skipping malformed line: [16:40:49] [INFO] testing 'PostgreSQL AND error-based - WHERE or HAVING clause'
2025-03-10 16:40:52,960 - WARNING - Skipping malformed line: [16:40:52] [INFO] testing 'PostgreSQL OR error-based - WHERE or HAVING clause'
2025-03-10 16:40:56,920 - WARNING - Skipping malformed line: [16:40:56] [INFO] testing 'Microsoft SQL Server/Sybase AND error-based - WHERE or HAVING clause (IN)'
2025-03-10 16:41:00,674 - WARNING - Skipping malformed line: [16:41:00] [INFO] testing 'Microsoft SQL Server/Sybase OR error-based - WHERE or HAVING clause (IN)'
2025-03-10 16:41:04,134 - WARNING - Skipping malformed line: [16:41:04] [INFO] testing 'Microsoft SQL Server/Sybase AND error-based - WHERE or HAVING clause (CONVERT)'
2025-03-10 16:41:07,790 - WARNING - Skipping malformed line: [16:41:07] [INFO] testing 'Microsoft SQL Server/Sybase OR error-based - WHERE or HAVING clause (CONVERT)'
2025-03-10 16:41:11,226 - WARNING - Skipping malformed line: [16:41:11] [INFO] testing 'Microsoft SQL Server/Sybase AND error-based - WHERE or HAVING clause (CONCAT)'
2025-03-10 16:41:14,783 - WARNING - Skipping malformed line: [16:41:14] [INFO] testing 'Microsoft SQL Server/Sybase OR error-based - WHERE or HAVING clause (CONCAT)'
2025-03-10 16:41:18,338 - WARNING - Skipping malformed line: [16:41:18] [INFO] testing 'Oracle AND error-based - WHERE or HAVING clause (XMLType)'
2025-03-10 16:41:22,102 - WARNING - Skipping malformed line: [16:41:22] [INFO] testing 'Oracle OR error-based - WHERE or HAVING clause (XMLType)'
2025-03-10 16:41:25,128 - WARNING - Skipping malformed line: [16:41:25] [INFO] testing 'Oracle AND error-based - WHERE or HAVING clause (UTL_INADDR.GET_HOST_ADDRESS)'
2025-03-10 16:41:28,268 - WARNING - Skipping malformed line: [16:41:28] [INFO] testing 'Oracle OR error-based - WHERE or HAVING clause (UTL_INADDR.GET_HOST_ADDRESS)'
2025-03-10 16:41:31,522 - WARNING - Skipping malformed line: [16:41:31] [INFO] testing 'Oracle AND error-based - WHERE or HAVING clause (CTXSYS.DRITHSX.SN)'
2025-03-10 16:41:35,484 - WARNING - Skipping malformed line: [16:41:35] [INFO] testing 'Oracle OR error-based - WHERE or HAVING clause (CTXSYS.DRITHSX.SN)'
2025-03-10 16:41:38,933 - WARNING - Skipping malformed line: [16:41:38] [INFO] testing 'Firebird AND error-based - WHERE or HAVING clause'
2025-03-10 16:41:42,279 - WARNING - Skipping malformed line: [16:41:42] [INFO] testing 'MonetDB AND error-based - WHERE or HAVING clause'
2025-03-10 16:41:45,711 - WARNING - Skipping malformed line: [16:41:45] [INFO] testing 'Vertica AND error-based - WHERE or HAVING clause'
2025-03-10 16:41:49,245 - WARNING - Skipping malformed line: [16:41:49] [INFO] testing 'IBM DB2 AND error-based - WHERE or HAVING clause'
2025-03-10 16:41:52,574 - WARNING - Skipping malformed line: [16:41:52] [INFO] testing 'ClickHouse AND error-based - WHERE, HAVING, ORDER BY or GROUP BY clause'
2025-03-10 16:41:55,907 - WARNING - Skipping malformed line: [16:41:55] [INFO] testing 'MySQL >= 5.1 error-based - PROCEDURE ANALYSE (EXTRACTVALUE)'
2025-03-10 16:41:59,432 - WARNING - Skipping malformed line: [16:41:59] [INFO] testing 'MySQL >= 5.0 error-based - Parameter replace (FLOOR)'
2025-03-10 16:41:59,634 - WARNING - Skipping malformed line: [16:41:59] [INFO] testing 'MySQL >= 5.1 error-based - Parameter replace (EXTRACTVALUE)'
2025-03-10 16:41:59,735 - WARNING - Skipping malformed line: [16:41:59] [INFO] testing 'PostgreSQL error-based - Parameter replace'
2025-03-10 16:41:59,836 - WARNING - Skipping malformed line: [16:41:59] [INFO] testing 'Microsoft SQL Server/Sybase error-based - Parameter replace'
2025-03-10 16:42:00,139 - WARNING - Skipping malformed line: [16:42:00] [INFO] testing 'Oracle error-based - Parameter replace'
2025-03-10 16:42:00,241 - WARNING - Skipping malformed line: [16:42:00] [INFO] testing 'MySQL >= 5.1 error-based - ORDER BY, GROUP BY clause (EXTRACTVALUE)'
2025-03-10 16:42:00,443 - WARNING - Skipping malformed line: [16:42:00] [INFO] testing 'MySQL >= 4.1 error-based - ORDER BY, GROUP BY clause (FLOOR)'
2025-03-10 16:42:00,746 - WARNING - Skipping malformed line: [16:42:00] [INFO] testing 'PostgreSQL error-based - ORDER BY, GROUP BY clause'
2025-03-10 16:42:01,149 - WARNING - Skipping malformed line: [16:42:01] [INFO] testing 'Microsoft SQL Server/Sybase error-based - Stacking (EXEC)'
2025-03-10 16:42:03,067 - WARNING - Skipping malformed line: [16:42:02] [INFO] testing 'Generic inline queries'
2025-03-10 16:42:03,168 - WARNING - Skipping malformed line: [16:42:03] [INFO] testing 'MySQL inline queries'
2025-03-10 16:42:03,268 - WARNING - Skipping malformed line: [16:42:03] [INFO] testing 'PostgreSQL inline queries'
2025-03-10 16:42:03,470 - WARNING - Skipping malformed line: [16:42:03] [INFO] testing 'Microsoft SQL Server/Sybase inline queries'
2025-03-10 16:42:03,672 - WARNING - Skipping malformed line: [16:42:03] [INFO] testing 'Oracle inline queries'
2025-03-10 16:42:03,874 - WARNING - Skipping malformed line: [16:42:03] [INFO] testing 'SQLite inline queries'
2025-03-10 16:42:04,076 - WARNING - Skipping malformed line: [16:42:03] [INFO] testing 'Firebird inline queries'
2025-03-10 16:42:04,278 - WARNING - Skipping malformed line: [16:42:04] [INFO] testing 'ClickHouse inline queries'
2025-03-10 16:42:04,480 - WARNING - Skipping malformed line: [16:42:04] [INFO] testing 'MySQL >= 5.0.12 stacked queries (comment)'
2025-03-10 16:42:06,297 - WARNING - Skipping malformed line: [16:42:06] [INFO] testing 'MySQL >= 5.0.12 stacked queries'
2025-03-10 16:42:09,830 - WARNING - Skipping malformed line: [16:42:09] [INFO] testing 'MySQL >= 5.0.12 stacked queries (query SLEEP - comment)'
2025-03-10 16:42:11,647 - WARNING - Skipping malformed line: [16:42:11] [INFO] testing 'MySQL < 5.0.12 stacked queries (BENCHMARK - comment)'
2025-03-10 16:42:13,464 - WARNING - Skipping malformed line: [16:42:13] [INFO] testing 'PostgreSQL > 8.1 stacked queries (comment)'
2025-03-10 16:42:15,380 - WARNING - Skipping malformed line: [16:42:15] [INFO] testing 'PostgreSQL stacked queries (heavy query - comment)'
2025-03-10 16:42:17,196 - WARNING - Skipping malformed line: [16:42:17] [INFO] testing 'PostgreSQL < 8.2 stacked queries (Glibc - comment)'
2025-03-10 16:42:19,110 - WARNING - Skipping malformed line: [16:42:19] [INFO] testing 'Microsoft SQL Server/Sybase stacked queries (comment)'
2025-03-10 16:42:20,822 - WARNING - Skipping malformed line: [16:42:20] [INFO] testing 'Microsoft SQL Server/Sybase stacked queries (DECLARE - comment)'
2025-03-10 16:42:22,839 - WARNING - Skipping malformed line: [16:42:22] [INFO] testing 'Oracle stacked queries (DBMS_PIPE.RECEIVE_MESSAGE - comment)'
2025-03-10 16:42:24,856 - WARNING - Skipping malformed line: [16:42:24] [INFO] testing 'Oracle stacked queries (heavy query - comment)'
2025-03-10 16:42:27,078 - WARNING - Skipping malformed line: [16:42:27] [INFO] testing 'IBM DB2 stacked queries (heavy query - comment)'
2025-03-10 16:42:29,099 - WARNING - Skipping malformed line: [16:42:29] [INFO] testing 'SQLite > 2.0 stacked queries (heavy query - comment)'
2025-03-10 16:42:30,916 - WARNING - Skipping malformed line: [16:42:30] [INFO] testing 'MySQL >= 5.0.12 AND time-based blind (query SLEEP)'
2025-03-10 16:42:34,342 - WARNING - Skipping malformed line: [16:42:34] [INFO] testing 'MySQL >= 5.0.12 OR time-based blind (query SLEEP)'
2025-03-10 16:42:37,567 - WARNING - Skipping malformed line: [16:42:37] [INFO] testing 'MySQL >= 5.0.12 AND time-based blind (SLEEP)'
2025-03-10 16:42:40,901 - WARNING - Skipping malformed line: [16:42:40] [INFO] testing 'MySQL >= 5.0.12 OR time-based blind (SLEEP)'
2025-03-10 16:42:44,128 - WARNING - Skipping malformed line: [16:42:44] [INFO] testing 'MySQL >= 5.0.12 AND time-based blind (SLEEP - comment)'
2025-03-10 16:42:45,742 - WARNING - Skipping malformed line: [16:42:45] [INFO] testing 'MySQL >= 5.0.12 OR time-based blind (SLEEP - comment)'
2025-03-10 16:42:47,458 - WARNING - Skipping malformed line: [16:42:47] [INFO] testing 'MySQL >= 5.0.12 AND time-based blind (query SLEEP - comment)'
2025-03-10 16:42:49,275 - WARNING - Skipping malformed line: [16:42:49] [INFO] testing 'MySQL >= 5.0.12 OR time-based blind (query SLEEP - comment)'
2025-03-10 16:42:51,089 - WARNING - Skipping malformed line: [16:42:50] [INFO] testing 'MySQL < 5.0.12 AND time-based blind (BENCHMARK)'
2025-03-10 16:42:54,019 - WARNING - Skipping malformed line: [16:42:54] [INFO] testing 'MySQL > 5.0.12 AND time-based blind (heavy query)'
2025-03-10 16:42:57,655 - WARNING - Skipping malformed line: [16:42:57] [INFO] testing 'MySQL < 5.0.12 OR time-based blind (BENCHMARK)'
2025-03-10 16:43:00,884 - WARNING - Skipping malformed line: [16:43:00] [INFO] testing 'MySQL > 5.0.12 OR time-based blind (heavy query)'
2025-03-10 16:43:04,304 - WARNING - Skipping malformed line: [16:43:04] [INFO] testing 'MySQL >= 5.0.12 RLIKE time-based blind'
2025-03-10 16:43:07,936 - WARNING - Skipping malformed line: [16:43:07] [INFO] testing 'MySQL >= 5.0.12 RLIKE time-based blind (query SLEEP)'
2025-03-10 16:43:12,886 - WARNING - Skipping malformed line: [16:43:12] [INFO] testing 'MySQL AND time-based blind (ELT)'
2025-03-10 16:43:16,619 - WARNING - Skipping malformed line: [16:43:16] [INFO] testing 'MySQL OR time-based blind (ELT)'
2025-03-10 16:43:20,052 - WARNING - Skipping malformed line: [16:43:20] [INFO] testing 'PostgreSQL > 8.1 AND time-based blind'
2025-03-10 16:43:23,274 - WARNING - Skipping malformed line: [16:43:23] [INFO] testing 'PostgreSQL > 8.1 OR time-based blind'
2025-03-10 16:43:26,696 - WARNING - Skipping malformed line: [16:43:26] [INFO] testing 'PostgreSQL AND time-based blind (heavy query)'
2025-03-10 16:43:29,923 - WARNING - Skipping malformed line: [16:43:29] [INFO] testing 'PostgreSQL OR time-based blind (heavy query)'
2025-03-10 16:43:34,570 - WARNING - Skipping malformed line: [16:43:34] [INFO] testing 'Microsoft SQL Server/Sybase time-based blind (IF)'
2025-03-10 16:43:37,698 - WARNING - Skipping malformed line: [16:43:37] [INFO] testing 'Microsoft SQL Server/Sybase AND time-based blind (heavy query)'
2025-03-10 16:43:40,923 - WARNING - Skipping malformed line: [16:43:40] [INFO] testing 'Microsoft SQL Server/Sybase OR time-based blind (heavy query)'
2025-03-10 16:43:44,153 - WARNING - Skipping malformed line: [16:43:44] [INFO] testing 'Oracle AND time-based blind'
2025-03-10 16:43:47,478 - WARNING - Skipping malformed line: [16:43:47] [INFO] testing 'Oracle OR time-based blind'
2025-03-10 16:43:50,806 - WARNING - Skipping malformed line: [16:43:50] [INFO] testing 'Oracle AND time-based blind (heavy query)'
2025-03-10 16:43:54,037 - WARNING - Skipping malformed line: [16:43:54] [INFO] testing 'Oracle OR time-based blind (heavy query)'
2025-03-10 16:43:57,164 - WARNING - Skipping malformed line: [16:43:57] [INFO] testing 'IBM DB2 AND time-based blind (heavy query)'
2025-03-10 16:44:00,998 - WARNING - Skipping malformed line: [16:44:00] [INFO] testing 'IBM DB2 OR time-based blind (heavy query)'
2025-03-10 16:44:04,427 - WARNING - Skipping malformed line: [16:44:04] [INFO] testing 'SQLite > 2.0 AND time-based blind (heavy query)'
2025-03-10 16:44:07,958 - WARNING - Skipping malformed line: [16:44:07] [INFO] testing 'SQLite > 2.0 OR time-based blind (heavy query)'
2025-03-10 16:44:11,587 - WARNING - Skipping malformed line: [16:44:11] [INFO] testing 'Informix AND time-based blind (heavy query)'
2025-03-10 16:44:15,118 - WARNING - Skipping malformed line: [16:44:15] [INFO] testing 'Informix OR time-based blind (heavy query)'
2025-03-10 16:44:18,247 - WARNING - Skipping malformed line: [16:44:18] [INFO] testing 'MySQL >= 5.1 time-based blind (heavy query) - PROCEDURE ANALYSE (EXTRACTVALUE)'
2025-03-10 16:44:21,375 - WARNING - Skipping malformed line: [16:44:21] [INFO] testing 'MySQL >= 5.0.12 time-based blind - Parameter replace'
2025-03-10 16:44:21,476 - WARNING - Skipping malformed line: [16:44:21] [INFO] testing 'MySQL >= 5.0.12 time-based blind - Parameter replace (substraction)'
2025-03-10 16:44:21,679 - WARNING - Skipping malformed line: [16:44:21] [INFO] testing 'PostgreSQL > 8.1 time-based blind - Parameter replace'
2025-03-10 16:44:21,881 - WARNING - Skipping malformed line: [16:44:21] [INFO] testing 'Oracle time-based blind - Parameter replace (DBMS_LOCK.SLEEP)'
2025-03-10 16:44:21,982 - WARNING - Skipping malformed line: [16:44:21] [INFO] testing 'Oracle time-based blind - Parameter replace (DBMS_PIPE.RECEIVE_MESSAGE)'
2025-03-10 16:44:22,083 - WARNING - Skipping malformed line: [16:44:22] [INFO] testing 'MySQL >= 5.0.12 time-based blind - ORDER BY, GROUP BY clause'
2025-03-10 16:44:22,385 - WARNING - Skipping malformed line: [16:44:22] [INFO] testing 'PostgreSQL > 8.1 time-based blind - ORDER BY, GROUP BY clause'
2025-03-10 16:44:22,587 - WARNING - Skipping malformed line: [16:44:22] [INFO] testing 'Oracle time-based blind - ORDER BY, GROUP BY clause (DBMS_LOCK.SLEEP)'
2025-03-10 16:44:22,891 - WARNING - Skipping malformed line: [16:44:22] [INFO] testing 'Oracle time-based blind - ORDER BY, GROUP BY clause (DBMS_PIPE.RECEIVE_MESSAGE)'
2025-03-10 16:44:23,193 - WARNING - Skipping malformed line: [16:44:23] [INFO] testing 'Generic UNION query (NULL) - 1 to 10 columns'
2025-03-10 16:44:30,859 - WARNING - Skipping malformed line: [16:44:30] [INFO] testing 'Generic UNION query (random number) - 1 to 10 columns'
2025-03-10 16:44:38,322 - WARNING - Skipping malformed line: [16:44:38] [INFO] testing 'MySQL UNION query (NULL) - 1 to 10 columns'
2025-03-10 16:44:45,780 - WARNING - Skipping malformed line: [16:44:45] [INFO] testing 'MySQL UNION query (random number) - 1 to 10 columns'
2025-03-10 16:44:53,836 - WARNING - Skipping malformed line: [16:44:53] [WARNING] parameter 'Referer' does not seem to be injectable
2025-03-10 16:44:53,836 - WARNING - Skipping malformed line: [16:44:53] [CRITICAL] all tested parameters do not appear to be injectable. Try to increase values for '--level'/'--risk' options if you wish to perform more tests. If you suspect that there is some kind of protection mechanism involved (e.g. WAF) maybe you could try to use option '--tamper' (e.g. '--tamper=space2comment') and/or switch '--random-agent'
2025-03-10 16:44:53,836 - WARNING - Skipping malformed line: 
2025-03-10 16:44:53,836 - WARNING - Skipping malformed line: [*] ending @ 16:44:53 /2025-03-10/
2025-03-10 16:44:53,836 - WARNING - Skipping malformed line: 
2025-03-10 17:51:36,598 - WARNING - Skipping malformed line: SQL Injection Scan in progress...
2025-03-10 17:51:36,901 - WARNING - Skipping malformed line: ___
2025-03-10 17:51:36,902 - WARNING - Skipping malformed line: __H__
2025-03-10 17:51:36,902 - WARNING - Skipping malformed line: ___ ___[)]_____ ___ ___  {1.9.2#pip}
2025-03-10 17:51:36,902 - WARNING - Skipping malformed line: |_ -| . [.]     | .'| . |
2025-03-10 17:51:36,902 - WARNING - Skipping malformed line: |___|_  [(]_|_|_|__,|  _|
2025-03-10 17:51:36,902 - WARNING - Skipping malformed line: |_|V...       |_|   https://sqlmap.org
2025-03-10 17:51:36,902 - WARNING - Skipping malformed line: 
2025-03-10 17:51:36,902 - WARNING - Skipping malformed line: [!] legal disclaimer: Usage of sqlmap for attacking targets without prior mutual consent is illegal. It is the end user's responsibility to obey all applicable local, state and federal laws. Developers assume no liability and are not responsible for any misuse or damage caused by this program
2025-03-10 17:51:36,902 - WARNING - Skipping malformed line: 
2025-03-10 17:51:36,902 - WARNING - Skipping malformed line: [*] starting @ 17:51:36 /2025-03-10/
2025-03-10 17:51:36,902 - WARNING - Skipping malformed line: 
2025-03-10 17:51:36,902 - WARNING - Skipping malformed line: [17:51:36] [INFO] testing connection to the target URL
2025-03-10 17:51:37,511 - WARNING - Skipping malformed line: [17:51:37] [INFO] testing if the target URL content is stable
2025-03-10 17:51:38,015 - WARNING - Skipping malformed line: [17:51:37] [INFO] target URL content is stable
2025-03-10 17:51:38,015 - WARNING - Skipping malformed line: [17:51:37] [INFO] testing if parameter 'User-Agent' is dynamic
2025-03-10 17:51:38,520 - WARNING - Skipping malformed line: [17:51:38] [WARNING] parameter 'User-Agent' does not appear to be dynamic
2025-03-10 17:51:39,024 - WARNING - Skipping malformed line: [17:51:38] [WARNING] heuristic (basic) test shows that parameter 'User-Agent' might not be injectable
2025-03-10 17:51:40,040 - WARNING - Skipping malformed line: [17:51:39] [INFO] testing for SQL injection on parameter 'User-Agent'
2025-03-10 17:51:40,040 - WARNING - Skipping malformed line: [17:51:39] [INFO] testing 'AND boolean-based blind - WHERE or HAVING clause'
2025-03-10 17:51:47,054 - WARNING - Skipping malformed line: [17:51:47] [INFO] testing 'OR boolean-based blind - WHERE or HAVING clause'
2025-03-10 17:51:53,959 - WARNING - Skipping malformed line: [17:51:53] [INFO] testing 'OR boolean-based blind - WHERE or HAVING clause (NOT)'
2025-03-10 17:51:59,305 - WARNING - Skipping malformed line: [17:51:59] [INFO] testing 'AND boolean-based blind - WHERE or HAVING clause (subquery - comment)'
2025-03-10 17:52:02,435 - WARNING - Skipping malformed line: [17:52:02] [INFO] testing 'OR boolean-based blind - WHERE or HAVING clause (subquery - comment)'
2025-03-10 17:52:06,881 - WARNING - Skipping malformed line: [17:52:06] [INFO] testing 'AND boolean-based blind - WHERE or HAVING clause (comment)'
2025-03-10 17:52:08,999 - WARNING - Skipping malformed line: [17:52:08] [INFO] testing 'OR boolean-based blind - WHERE or HAVING clause (comment)'
2025-03-10 17:52:11,823 - WARNING - Skipping malformed line: [17:52:11] [INFO] testing 'AND boolean-based blind - WHERE or HAVING clause (MySQL comment)'
2025-03-10 17:52:14,547 - WARNING - Skipping malformed line: [17:52:14] [INFO] testing 'OR boolean-based blind - WHERE or HAVING clause (MySQL comment)'
2025-03-10 17:52:17,873 - WARNING - Skipping malformed line: [17:52:17] [INFO] testing 'OR boolean-based blind - WHERE or HAVING clause (NOT - MySQL comment)'
2025-03-10 17:52:20,899 - WARNING - Skipping malformed line: [17:52:20] [INFO] testing 'AND boolean-based blind - WHERE or HAVING clause (Microsoft Access comment)'
2025-03-10 17:52:23,726 - WARNING - Skipping malformed line: [17:52:23] [INFO] testing 'OR boolean-based blind - WHERE or HAVING clause (Microsoft Access comment)'
2025-03-10 17:52:27,361 - WARNING - Skipping malformed line: [17:52:27] [INFO] testing 'MySQL RLIKE boolean-based blind - WHERE, HAVING, ORDER BY or GROUP BY clause'
2025-03-10 17:52:33,014 - WARNING - Skipping malformed line: [17:52:32] [INFO] testing 'MySQL AND boolean-based blind - WHERE, HAVING, ORDER BY or GROUP BY clause (MAKE_SET)'
2025-03-10 17:52:38,464 - WARNING - Skipping malformed line: [17:52:38] [INFO] testing 'MySQL OR boolean-based blind - WHERE, HAVING, ORDER BY or GROUP BY clause (MAKE_SET)'
2025-03-10 17:52:44,618 - WARNING - Skipping malformed line: [17:52:44] [INFO] testing 'PostgreSQL AND boolean-based blind - WHERE or HAVING clause (CAST)'
2025-03-10 17:52:50,173 - WARNING - Skipping malformed line: [17:52:50] [INFO] testing 'PostgreSQL OR boolean-based blind - WHERE or HAVING clause (CAST)'
2025-03-10 17:52:58,755 - WARNING - Skipping malformed line: [17:52:58] [INFO] testing 'Oracle AND boolean-based blind - WHERE or HAVING clause (CTXSYS.DRITHSX.SN)'
2025-03-10 17:53:04,405 - WARNING - Skipping malformed line: [17:53:04] [INFO] testing 'Oracle OR boolean-based blind - WHERE or HAVING clause (CTXSYS.DRITHSX.SN)'
2025-03-10 17:53:11,574 - WARNING - Skipping malformed line: [17:53:11] [INFO] testing 'SQLite AND boolean-based blind - WHERE, HAVING, GROUP BY or HAVING clause (JSON)'
2025-03-10 17:53:16,828 - WARNING - Skipping malformed line: [17:53:16] [INFO] testing 'SQLite OR boolean-based blind - WHERE, HAVING, GROUP BY or HAVING clause (JSON)'
2025-03-10 17:53:23,588 - WARNING - Skipping malformed line: [17:53:23] [INFO] testing 'Boolean-based blind - Parameter replace (original value)'
2025-03-10 17:53:23,892 - WARNING - Skipping malformed line: [17:53:23] [INFO] testing 'PostgreSQL boolean-based blind - Parameter replace'
2025-03-10 17:53:24,195 - WARNING - Skipping malformed line: [17:53:24] [INFO] testing 'Microsoft SQL Server/Sybase boolean-based blind - Parameter replace'
2025-03-10 17:53:24,397 - WARNING - Skipping malformed line: [17:53:24] [INFO] testing 'Oracle boolean-based blind - Parameter replace'
2025-03-10 17:53:24,701 - WARNING - Skipping malformed line: [17:53:24] [INFO] testing 'Informix boolean-based blind - Parameter replace'
2025-03-10 17:53:24,903 - WARNING - Skipping malformed line: [17:53:24] [INFO] testing 'Microsoft Access boolean-based blind - Parameter replace'
2025-03-10 17:53:25,105 - WARNING - Skipping malformed line: [17:53:25] [INFO] testing 'Boolean-based blind - Parameter replace (DUAL)'
2025-03-10 17:53:25,408 - WARNING - Skipping malformed line: [17:53:25] [INFO] testing 'Boolean-based blind - Parameter replace (DUAL - original value)'
2025-03-10 17:53:25,610 - WARNING - Skipping malformed line: [17:53:25] [INFO] testing 'Boolean-based blind - Parameter replace (CASE)'
2025-03-10 17:53:25,812 - WARNING - Skipping malformed line: [17:53:25] [INFO] testing 'Boolean-based blind - Parameter replace (CASE - original value)'
2025-03-10 17:53:26,115 - WARNING - Skipping malformed line: [17:53:26] [INFO] testing 'MySQL >= 5.0 boolean-based blind - ORDER BY, GROUP BY clause'
2025-03-10 17:53:26,520 - WARNING - Skipping malformed line: [17:53:26] [INFO] testing 'MySQL >= 5.0 boolean-based blind - ORDER BY, GROUP BY clause (original value)'
2025-03-10 17:53:26,924 - WARNING - Skipping malformed line: [17:53:26] [INFO] testing 'MySQL < 5.0 boolean-based blind - ORDER BY, GROUP BY clause'
2025-03-10 17:53:26,925 - WARNING - Skipping malformed line: [17:53:26] [INFO] testing 'PostgreSQL boolean-based blind - ORDER BY, GROUP BY clause'
2025-03-10 17:53:27,429 - WARNING - Skipping malformed line: [17:53:27] [INFO] testing 'Microsoft SQL Server/Sybase boolean-based blind - ORDER BY clause'
2025-03-10 17:53:27,832 - WARNING - Skipping malformed line: [17:53:27] [INFO] testing 'Oracle boolean-based blind - ORDER BY, GROUP BY clause'
2025-03-10 17:53:28,338 - WARNING - Skipping malformed line: [17:53:28] [INFO] testing 'HAVING boolean-based blind - WHERE, GROUP BY clause'
2025-03-10 17:53:33,183 - WARNING - Skipping malformed line: [17:53:33] [INFO] testing 'PostgreSQL boolean-based blind - Stacked queries'
2025-03-10 17:53:36,214 - WARNING - Skipping malformed line: [17:53:36] [INFO] testing 'Microsoft SQL Server/Sybase boolean-based blind - Stacked queries (IF)'
2025-03-10 17:53:39,238 - WARNING - Skipping malformed line: [17:53:39] [INFO] testing 'MySQL >= 5.0 AND error-based - WHERE, HAVING, ORDER BY or GROUP BY clause (FLOOR)'
2025-03-10 17:53:42,464 - WARNING - Skipping malformed line: [17:53:42] [INFO] testing 'MySQL >= 5.0 OR error-based - WHERE, HAVING, ORDER BY or GROUP BY clause (FLOOR)'
2025-03-10 17:53:45,897 - WARNING - Skipping malformed line: [17:53:45] [INFO] testing 'MySQL >= 5.1 AND error-based - WHERE, HAVING, ORDER BY or GROUP BY clause (EXTRACTVALUE)'
2025-03-10 17:53:49,130 - WARNING - Skipping malformed line: [17:53:49] [INFO] testing 'MySQL >= 5.1 OR error-based - WHERE, HAVING, ORDER BY or GROUP BY clause (EXTRACTVALUE)'
2025-03-10 17:53:53,476 - WARNING - Skipping malformed line: [17:53:53] [INFO] testing 'MySQL >= 5.1 AND error-based - WHERE, HAVING, ORDER BY or GROUP BY clause (UPDATEXML)'
2025-03-10 17:53:56,505 - WARNING - Skipping malformed line: [17:53:56] [INFO] testing 'MySQL >= 5.1 OR error-based - WHERE, HAVING, ORDER BY or GROUP BY clause (UPDATEXML)'
2025-03-10 17:53:59,627 - WARNING - Skipping malformed line: [17:53:59] [INFO] testing 'MySQL >= 4.1 AND error-based - WHERE, HAVING, ORDER BY or GROUP BY clause (FLOOR)'
2025-03-10 17:54:03,052 - WARNING - Skipping malformed line: [17:54:02] [INFO] testing 'MySQL >= 4.1 OR error-based - WHERE or HAVING clause (FLOOR)'
2025-03-10 17:54:07,397 - WARNING - Skipping malformed line: [17:54:07] [INFO] testing 'PostgreSQL AND error-based - WHERE or HAVING clause'
2025-03-10 17:54:10,930 - WARNING - Skipping malformed line: [17:54:10] [INFO] testing 'PostgreSQL OR error-based - WHERE or HAVING clause'
2025-03-10 17:54:14,666 - WARNING - Skipping malformed line: [17:54:14] [INFO] testing 'Microsoft SQL Server/Sybase AND error-based - WHERE or HAVING clause (IN)'
2025-03-10 17:54:18,504 - WARNING - Skipping malformed line: [17:54:18] [INFO] testing 'Microsoft SQL Server/Sybase OR error-based - WHERE or HAVING clause (IN)'
2025-03-10 17:54:22,231 - WARNING - Skipping malformed line: [17:54:22] [INFO] testing 'Microsoft SQL Server/Sybase AND error-based - WHERE or HAVING clause (CONVERT)'
2025-03-10 17:54:25,763 - WARNING - Skipping malformed line: [17:54:25] [INFO] testing 'Microsoft SQL Server/Sybase OR error-based - WHERE or HAVING clause (CONVERT)'
2025-03-10 17:54:28,891 - WARNING - Skipping malformed line: [17:54:28] [INFO] testing 'Microsoft SQL Server/Sybase AND error-based - WHERE or HAVING clause (CONCAT)'
2025-03-10 17:54:32,424 - WARNING - Skipping malformed line: [17:54:32] [INFO] testing 'Microsoft SQL Server/Sybase OR error-based - WHERE or HAVING clause (CONCAT)'
2025-03-10 17:54:35,959 - WARNING - Skipping malformed line: [17:54:35] [INFO] testing 'Oracle AND error-based - WHERE or HAVING clause (XMLType)'
2025-03-10 17:54:39,494 - WARNING - Skipping malformed line: [17:54:39] [INFO] testing 'Oracle OR error-based - WHERE or HAVING clause (XMLType)'
2025-03-10 17:54:42,922 - WARNING - Skipping malformed line: [17:54:42] [INFO] testing 'Oracle AND error-based - WHERE or HAVING clause (UTL_INADDR.GET_HOST_ADDRESS)'
2025-03-10 17:54:46,551 - WARNING - Skipping malformed line: [17:54:46] [INFO] testing 'Oracle OR error-based - WHERE or HAVING clause (UTL_INADDR.GET_HOST_ADDRESS)'
2025-03-10 17:54:50,185 - WARNING - Skipping malformed line: [17:54:50] [INFO] testing 'Oracle AND error-based - WHERE or HAVING clause (CTXSYS.DRITHSX.SN)'
2025-03-10 17:54:55,643 - WARNING - Skipping malformed line: [17:54:55] [INFO] testing 'Oracle OR error-based - WHERE or HAVING clause (CTXSYS.DRITHSX.SN)'
2025-03-10 17:54:58,974 - WARNING - Skipping malformed line: [17:54:58] [INFO] testing 'Firebird AND error-based - WHERE or HAVING clause'
2025-03-10 17:55:02,609 - WARNING - Skipping malformed line: [17:55:02] [INFO] testing 'MonetDB AND error-based - WHERE or HAVING clause'
2025-03-10 17:55:06,239 - WARNING - Skipping malformed line: [17:55:06] [INFO] testing 'Vertica AND error-based - WHERE or HAVING clause'
2025-03-10 17:55:09,874 - WARNING - Skipping malformed line: [17:55:09] [INFO] testing 'IBM DB2 AND error-based - WHERE or HAVING clause'
2025-03-10 17:55:13,202 - WARNING - Skipping malformed line: [17:55:13] [INFO] testing 'ClickHouse AND error-based - WHERE, HAVING, ORDER BY or GROUP BY clause'
2025-03-10 17:55:17,845 - WARNING - Skipping malformed line: [17:55:17] [INFO] testing 'MySQL >= 5.1 error-based - PROCEDURE ANALYSE (EXTRACTVALUE)'
2025-03-10 17:55:21,480 - WARNING - Skipping malformed line: [17:55:21] [INFO] testing 'MySQL >= 5.0 error-based - Parameter replace (FLOOR)'
2025-03-10 17:55:21,581 - WARNING - Skipping malformed line: [17:55:21] [INFO] testing 'MySQL >= 5.1 error-based - Parameter replace (EXTRACTVALUE)'
2025-03-10 17:55:21,783 - WARNING - Skipping malformed line: [17:55:21] [INFO] testing 'PostgreSQL error-based - Parameter replace'
2025-03-10 17:55:21,884 - WARNING - Skipping malformed line: [17:55:21] [INFO] testing 'Microsoft SQL Server/Sybase error-based - Parameter replace'
2025-03-10 17:55:22,086 - WARNING - Skipping malformed line: [17:55:21] [INFO] testing 'Oracle error-based - Parameter replace'
2025-03-10 17:55:22,187 - WARNING - Skipping malformed line: [17:55:22] [INFO] testing 'MySQL >= 5.1 error-based - ORDER BY, GROUP BY clause (EXTRACTVALUE)'
2025-03-10 17:55:22,590 - WARNING - Skipping malformed line: [17:55:22] [INFO] testing 'MySQL >= 4.1 error-based - ORDER BY, GROUP BY clause (FLOOR)'
2025-03-10 17:55:22,793 - WARNING - Skipping malformed line: [17:55:22] [INFO] testing 'PostgreSQL error-based - ORDER BY, GROUP BY clause'
2025-03-10 17:55:23,096 - WARNING - Skipping malformed line: [17:55:23] [INFO] testing 'Microsoft SQL Server/Sybase error-based - Stacking (EXEC)'
2025-03-10 17:55:24,807 - WARNING - Skipping malformed line: [17:55:24] [INFO] testing 'Generic inline queries'
2025-03-10 17:55:24,907 - WARNING - Skipping malformed line: [17:55:24] [INFO] testing 'MySQL inline queries'
2025-03-10 17:55:25,009 - WARNING - Skipping malformed line: [17:55:25] [INFO] testing 'PostgreSQL inline queries'
2025-03-10 17:55:25,210 - WARNING - Skipping malformed line: [17:55:25] [INFO] testing 'Microsoft SQL Server/Sybase inline queries'
2025-03-10 17:55:25,310 - WARNING - Skipping malformed line: [17:55:25] [INFO] testing 'Oracle inline queries'
2025-03-10 17:55:25,412 - WARNING - Skipping malformed line: [17:55:25] [INFO] testing 'SQLite inline queries'
2025-03-10 17:55:25,613 - WARNING - Skipping malformed line: [17:55:25] [INFO] testing 'Firebird inline queries'
2025-03-10 17:55:25,714 - WARNING - Skipping malformed line: [17:55:25] [INFO] testing 'ClickHouse inline queries'
2025-03-10 17:55:25,915 - WARNING - Skipping malformed line: [17:55:25] [INFO] testing 'MySQL >= 5.0.12 stacked queries (comment)'
2025-03-10 17:55:27,528 - WARNING - Skipping malformed line: [17:55:27] [INFO] testing 'MySQL >= 5.0.12 stacked queries'
2025-03-10 17:55:30,962 - WARNING - Skipping malformed line: [17:55:30] [INFO] testing 'MySQL >= 5.0.12 stacked queries (query SLEEP - comment)'
2025-03-10 17:55:32,677 - WARNING - Skipping malformed line: [17:55:32] [INFO] testing 'MySQL < 5.0.12 stacked queries (BENCHMARK - comment)'
2025-03-10 17:55:34,394 - WARNING - Skipping malformed line: [17:55:34] [INFO] testing 'PostgreSQL > 8.1 stacked queries (comment)'
2025-03-10 17:55:36,412 - WARNING - Skipping malformed line: [17:55:36] [INFO] testing 'PostgreSQL stacked queries (heavy query - comment)'
2025-03-10 17:55:38,329 - WARNING - Skipping malformed line: [17:55:38] [INFO] testing 'PostgreSQL < 8.2 stacked queries (Glibc - comment)'
2025-03-10 17:55:40,248 - WARNING - Skipping malformed line: [17:55:40] [INFO] testing 'Microsoft SQL Server/Sybase stacked queries (comment)'
2025-03-10 17:55:42,066 - WARNING - Skipping malformed line: [17:55:42] [INFO] testing 'Microsoft SQL Server/Sybase stacked queries (DECLARE - comment)'
2025-03-10 17:55:43,882 - WARNING - Skipping malformed line: [17:55:43] [INFO] testing 'Oracle stacked queries (DBMS_PIPE.RECEIVE_MESSAGE - comment)'
2025-03-10 17:55:46,000 - WARNING - Skipping malformed line: [17:55:45] [INFO] testing 'Oracle stacked queries (heavy query - comment)'
2025-03-10 17:55:47,814 - WARNING - Skipping malformed line: [17:55:47] [INFO] testing 'IBM DB2 stacked queries (heavy query - comment)'
2025-03-10 17:55:49,732 - WARNING - Skipping malformed line: [17:55:49] [INFO] testing 'SQLite > 2.0 stacked queries (heavy query - comment)'
2025-03-10 17:55:51,752 - WARNING - Skipping malformed line: [17:55:51] [INFO] testing 'MySQL >= 5.0.12 AND time-based blind (query SLEEP)'
2025-03-10 17:55:54,983 - WARNING - Skipping malformed line: [17:55:54] [INFO] testing 'MySQL >= 5.0.12 OR time-based blind (query SLEEP)'
2025-03-10 17:55:58,416 - WARNING - Skipping malformed line: [17:55:58] [INFO] testing 'MySQL >= 5.0.12 AND time-based blind (SLEEP)'
2025-03-10 17:56:01,546 - WARNING - Skipping malformed line: [17:56:01] [INFO] testing 'MySQL >= 5.0.12 OR time-based blind (SLEEP)'
2025-03-10 17:56:04,170 - WARNING - Skipping malformed line: [17:56:04] [INFO] testing 'MySQL >= 5.0.12 AND time-based blind (SLEEP - comment)'
2025-03-10 17:56:05,888 - WARNING - Skipping malformed line: [17:56:05] [INFO] testing 'MySQL >= 5.0.12 OR time-based blind (SLEEP - comment)'
2025-03-10 17:56:07,801 - WARNING - Skipping malformed line: [17:56:07] [INFO] testing 'MySQL >= 5.0.12 AND time-based blind (query SLEEP - comment)'
2025-03-10 17:56:09,616 - WARNING - Skipping malformed line: [17:56:09] [INFO] testing 'MySQL >= 5.0.12 OR time-based blind (query SLEEP - comment)'
2025-03-10 17:56:11,231 - WARNING - Skipping malformed line: [17:56:11] [INFO] testing 'MySQL < 5.0.12 AND time-based blind (BENCHMARK)'
2025-03-10 17:56:14,461 - WARNING - Skipping malformed line: [17:56:14] [INFO] testing 'MySQL > 5.0.12 AND time-based blind (heavy query)'
2025-03-10 17:56:17,591 - WARNING - Skipping malformed line: [17:56:17] [INFO] testing 'MySQL < 5.0.12 OR time-based blind (BENCHMARK)'
2025-03-10 17:56:20,519 - WARNING - Skipping malformed line: [17:56:20] [INFO] testing 'MySQL > 5.0.12 OR time-based blind (heavy query)'
2025-03-10 17:56:24,054 - WARNING - Skipping malformed line: [17:56:24] [INFO] testing 'MySQL >= 5.0.12 RLIKE time-based blind'
2025-03-10 17:56:27,488 - WARNING - Skipping malformed line: [17:56:27] [INFO] testing 'MySQL >= 5.0.12 RLIKE time-based blind (query SLEEP)'
2025-03-10 17:56:30,715 - WARNING - Skipping malformed line: [17:56:30] [INFO] testing 'MySQL AND time-based blind (ELT)'
2025-03-10 17:56:33,643 - WARNING - Skipping malformed line: [17:56:33] [INFO] testing 'MySQL OR time-based blind (ELT)'
2025-03-10 17:56:36,875 - WARNING - Skipping malformed line: [17:56:36] [INFO] testing 'PostgreSQL > 8.1 AND time-based blind'
2025-03-10 17:56:40,104 - WARNING - Skipping malformed line: [17:56:40] [INFO] testing 'PostgreSQL > 8.1 OR time-based blind'
2025-03-10 17:56:43,333 - WARNING - Skipping malformed line: [17:56:43] [INFO] testing 'PostgreSQL AND time-based blind (heavy query)'
2025-03-10 17:56:46,766 - WARNING - Skipping malformed line: [17:56:46] [INFO] testing 'PostgreSQL OR time-based blind (heavy query)'
2025-03-10 17:56:49,588 - WARNING - Skipping malformed line: [17:56:49] [INFO] testing 'Microsoft SQL Server/Sybase time-based blind (IF)'
2025-03-10 17:56:54,736 - WARNING - Skipping malformed line: [17:56:54] [INFO] testing 'Microsoft SQL Server/Sybase AND time-based blind (heavy query)'
2025-03-10 17:56:58,165 - WARNING - Skipping malformed line: [17:56:58] [INFO] testing 'Microsoft SQL Server/Sybase OR time-based blind (heavy query)'
2025-03-10 17:57:01,598 - WARNING - Skipping malformed line: [17:57:01] [INFO] testing 'Oracle AND time-based blind'
2025-03-10 17:57:04,827 - WARNING - Skipping malformed line: [17:57:04] [INFO] testing 'Oracle OR time-based blind'
2025-03-10 17:57:07,956 - WARNING - Skipping malformed line: [17:57:07] [INFO] testing 'Oracle AND time-based blind (heavy query)'
2025-03-10 17:57:11,685 - WARNING - Skipping malformed line: [17:57:11] [INFO] testing 'Oracle OR time-based blind (heavy query)'
2025-03-10 17:57:14,907 - WARNING - Skipping malformed line: [17:57:14] [INFO] testing 'IBM DB2 AND time-based blind (heavy query)'
2025-03-10 17:57:18,336 - WARNING - Skipping malformed line: [17:57:18] [INFO] testing 'IBM DB2 OR time-based blind (heavy query)'
2025-03-10 17:57:21,768 - WARNING - Skipping malformed line: [17:57:21] [INFO] testing 'SQLite > 2.0 AND time-based blind (heavy query)'
2025-03-10 17:57:25,300 - WARNING - Skipping malformed line: [17:57:25] [INFO] testing 'SQLite > 2.0 OR time-based blind (heavy query)'
2025-03-10 17:57:29,638 - WARNING - Skipping malformed line: [17:57:29] [INFO] testing 'Informix AND time-based blind (heavy query)'
2025-03-10 17:57:33,071 - WARNING - Skipping malformed line: [17:57:33] [INFO] testing 'Informix OR time-based blind (heavy query)'
2025-03-10 17:57:36,196 - WARNING - Skipping malformed line: [17:57:36] [INFO] testing 'MySQL >= 5.1 time-based blind (heavy query) - PROCEDURE ANALYSE (EXTRACTVALUE)'
2025-03-10 17:57:39,627 - WARNING - Skipping malformed line: [17:57:39] [INFO] testing 'MySQL >= 5.0.12 time-based blind - Parameter replace'
2025-03-10 17:57:39,829 - WARNING - Skipping malformed line: [17:57:39] [INFO] testing 'MySQL >= 5.0.12 time-based blind - Parameter replace (substraction)'
2025-03-10 17:57:39,930 - WARNING - Skipping malformed line: [17:57:39] [INFO] testing 'PostgreSQL > 8.1 time-based blind - Parameter replace'
2025-03-10 17:57:40,133 - WARNING - Skipping malformed line: [17:57:40] [INFO] testing 'Oracle time-based blind - Parameter replace (DBMS_LOCK.SLEEP)'
2025-03-10 17:57:40,234 - WARNING - Skipping malformed line: [17:57:40] [INFO] testing 'Oracle time-based blind - Parameter replace (DBMS_PIPE.RECEIVE_MESSAGE)'
2025-03-10 17:57:40,335 - WARNING - Skipping malformed line: [17:57:40] [INFO] testing 'MySQL >= 5.0.12 time-based blind - ORDER BY, GROUP BY clause'
2025-03-10 17:57:40,638 - WARNING - Skipping malformed line: [17:57:40] [INFO] testing 'PostgreSQL > 8.1 time-based blind - ORDER BY, GROUP BY clause'
2025-03-10 17:57:40,941 - WARNING - Skipping malformed line: [17:57:40] [INFO] testing 'Oracle time-based blind - ORDER BY, GROUP BY clause (DBMS_LOCK.SLEEP)'
2025-03-10 17:57:41,244 - WARNING - Skipping malformed line: [17:57:41] [INFO] testing 'Oracle time-based blind - ORDER BY, GROUP BY clause (DBMS_PIPE.RECEIVE_MESSAGE)'
2025-03-10 17:57:41,546 - WARNING - Skipping malformed line: it is recommended to perform only basic UNION tests if there is not at least one other (potential) technique found. Do you want to reduce the number of requests? [Y/n] Y
2025-03-10 17:57:41,546 - WARNING - Skipping malformed line: [17:57:41] [INFO] testing 'Generic UNION query (NULL) - 1 to 10 columns'
2025-03-10 17:57:49,118 - WARNING - Skipping malformed line: [17:57:49] [INFO] testing 'Generic UNION query (random number) - 1 to 10 columns'
2025-03-10 17:57:57,594 - WARNING - Skipping malformed line: [17:57:57] [INFO] testing 'MySQL UNION query (NULL) - 1 to 10 columns'
2025-03-10 17:58:04,558 - WARNING - Skipping malformed line: [17:58:04] [INFO] testing 'MySQL UNION query (random number) - 1 to 10 columns'
2025-03-10 17:58:10,917 - WARNING - Skipping malformed line: [17:58:10] [WARNING] parameter 'User-Agent' does not seem to be injectable
2025-03-10 17:58:10,917 - WARNING - Skipping malformed line: [17:58:10] [INFO] testing if parameter 'Referer' is dynamic
2025-03-10 17:58:11,017 - WARNING - Skipping malformed line: [17:58:10] [WARNING] parameter 'Referer' does not appear to be dynamic
2025-03-10 17:58:11,220 - WARNING - Skipping malformed line: [17:58:11] [WARNING] heuristic (basic) test shows that parameter 'Referer' might not be injectable
2025-03-10 17:58:11,825 - WARNING - Skipping malformed line: [17:58:11] [INFO] testing for SQL injection on parameter 'Referer'
2025-03-10 17:58:11,825 - WARNING - Skipping malformed line: [17:58:11] [INFO] testing 'AND boolean-based blind - WHERE or HAVING clause'
2025-03-10 17:58:17,276 - WARNING - Skipping malformed line: [17:58:17] [INFO] testing 'OR boolean-based blind - WHERE or HAVING clause'
2025-03-10 17:58:24,140 - WARNING - Skipping malformed line: [17:58:24] [INFO] testing 'OR boolean-based blind - WHERE or HAVING clause (NOT)'
2025-03-10 17:58:28,986 - WARNING - Skipping malformed line: [17:58:28] [INFO] testing 'AND boolean-based blind - WHERE or HAVING clause (subquery - comment)'
2025-03-10 17:58:31,814 - WARNING - Skipping malformed line: [17:58:31] [INFO] testing 'OR boolean-based blind - WHERE or HAVING clause (subquery - comment)'
2025-03-10 17:58:35,244 - WARNING - Skipping malformed line: [17:58:35] [INFO] testing 'AND boolean-based blind - WHERE or HAVING clause (comment)'
2025-03-10 17:58:37,563 - WARNING - Skipping malformed line: [17:58:37] [INFO] testing 'OR boolean-based blind - WHERE or HAVING clause (comment)'
2025-03-10 17:58:40,788 - WARNING - Skipping malformed line: [17:58:40] [INFO] testing 'AND boolean-based blind - WHERE or HAVING clause (MySQL comment)'
2025-03-10 17:58:44,018 - WARNING - Skipping malformed line: [17:58:43] [INFO] testing 'OR boolean-based blind - WHERE or HAVING clause (MySQL comment)'
2025-03-10 17:58:48,459 - WARNING - Skipping malformed line: [17:58:48] [INFO] testing 'OR boolean-based blind - WHERE or HAVING clause (NOT - MySQL comment)'
2025-03-10 17:58:51,690 - WARNING - Skipping malformed line: [17:58:51] [INFO] testing 'AND boolean-based blind - WHERE or HAVING clause (Microsoft Access comment)'
2025-03-10 17:58:54,720 - WARNING - Skipping malformed line: [17:58:54] [INFO] testing 'OR boolean-based blind - WHERE or HAVING clause (Microsoft Access comment)'
2025-03-10 17:58:58,858 - WARNING - Skipping malformed line: [17:58:58] [INFO] testing 'MySQL RLIKE boolean-based blind - WHERE, HAVING, ORDER BY or GROUP BY clause'
2025-03-10 17:59:04,200 - WARNING - Skipping malformed line: [17:59:04] [INFO] testing 'MySQL AND boolean-based blind - WHERE, HAVING, ORDER BY or GROUP BY clause (MAKE_SET)'
2025-03-10 17:59:11,065 - WARNING - Skipping malformed line: [17:59:10] [INFO] testing 'MySQL OR boolean-based blind - WHERE, HAVING, ORDER BY or GROUP BY clause (MAKE_SET)'
2025-03-10 17:59:17,827 - WARNING - Skipping malformed line: [17:59:17] [INFO] testing 'PostgreSQL AND boolean-based blind - WHERE or HAVING clause (CAST)'
2025-03-10 17:59:23,375 - WARNING - Skipping malformed line: [17:59:23] [INFO] testing 'PostgreSQL OR boolean-based blind - WHERE or HAVING clause (CAST)'
2025-03-10 17:59:29,627 - WARNING - Skipping malformed line: [17:59:29] [INFO] testing 'Oracle AND boolean-based blind - WHERE or HAVING clause (CTXSYS.DRITHSX.SN)'
2025-03-10 17:59:35,179 - WARNING - Skipping malformed line: [17:59:35] [INFO] testing 'Oracle OR boolean-based blind - WHERE or HAVING clause (CTXSYS.DRITHSX.SN)'
2025-03-10 17:59:42,242 - WARNING - Skipping malformed line: [17:59:42] [INFO] testing 'SQLite AND boolean-based blind - WHERE, HAVING, GROUP BY or HAVING clause (JSON)'
2025-03-10 17:59:47,785 - WARNING - Skipping malformed line: [17:59:47] [INFO] testing 'SQLite OR boolean-based blind - WHERE, HAVING, GROUP BY or HAVING clause (JSON)'
2025-03-10 17:59:55,355 - WARNING - Skipping malformed line: [17:59:55] [INFO] testing 'Boolean-based blind - Parameter replace (original value)'
2025-03-10 17:59:55,557 - WARNING - Skipping malformed line: [17:59:55] [INFO] testing 'PostgreSQL boolean-based blind - Parameter replace'
2025-03-10 17:59:55,860 - WARNING - Skipping malformed line: [17:59:55] [INFO] testing 'Microsoft SQL Server/Sybase boolean-based blind - Parameter replace'
2025-03-10 17:59:56,162 - WARNING - Skipping malformed line: [17:59:56] [INFO] testing 'Oracle boolean-based blind - Parameter replace'
2025-03-10 17:59:56,364 - WARNING - Skipping malformed line: [17:59:56] [INFO] testing 'Informix boolean-based blind - Parameter replace'
2025-03-10 17:59:56,668 - WARNING - Skipping malformed line: [17:59:56] [INFO] testing 'Microsoft Access boolean-based blind - Parameter replace'
2025-03-10 17:59:56,971 - WARNING - Skipping malformed line: [17:59:56] [INFO] testing 'Boolean-based blind - Parameter replace (DUAL)'
2025-03-10 17:59:57,273 - WARNING - Skipping malformed line: [17:59:57] [INFO] testing 'Boolean-based blind - Parameter replace (DUAL - original value)'
2025-03-10 17:59:57,475 - WARNING - Skipping malformed line: [17:59:57] [INFO] testing 'Boolean-based blind - Parameter replace (CASE)'
2025-03-10 17:59:57,778 - WARNING - Skipping malformed line: [17:59:57] [INFO] testing 'Boolean-based blind - Parameter replace (CASE - original value)'
2025-03-10 17:59:57,981 - WARNING - Skipping malformed line: [17:59:57] [INFO] testing 'MySQL >= 5.0 boolean-based blind - ORDER BY, GROUP BY clause'
2025-03-10 17:59:58,487 - WARNING - Skipping malformed line: [17:59:58] [INFO] testing 'MySQL >= 5.0 boolean-based blind - ORDER BY, GROUP BY clause (original value)'
2025-03-10 17:59:58,992 - WARNING - Skipping malformed line: [17:59:58] [INFO] testing 'MySQL < 5.0 boolean-based blind - ORDER BY, GROUP BY clause'
2025-03-10 17:59:58,992 - WARNING - Skipping malformed line: [17:59:58] [INFO] testing 'PostgreSQL boolean-based blind - ORDER BY, GROUP BY clause'
2025-03-10 17:59:59,497 - WARNING - Skipping malformed line: [17:59:59] [INFO] testing 'Microsoft SQL Server/Sybase boolean-based blind - ORDER BY clause'
2025-03-10 18:00:00,001 - WARNING - Skipping malformed line: [17:59:59] [INFO] testing 'Oracle boolean-based blind - ORDER BY, GROUP BY clause'
2025-03-10 18:00:01,518 - WARNING - Skipping malformed line: [18:00:01] [INFO] testing 'HAVING boolean-based blind - WHERE, GROUP BY clause'
2025-03-10 18:00:07,066 - WARNING - Skipping malformed line: [18:00:07] [INFO] testing 'PostgreSQL boolean-based blind - Stacked queries'
2025-03-10 18:00:10,188 - WARNING - Skipping malformed line: [18:00:10] [INFO] testing 'Microsoft SQL Server/Sybase boolean-based blind - Stacked queries (IF)'
2025-03-10 18:00:13,014 - WARNING - Skipping malformed line: [18:00:12] [INFO] testing 'MySQL >= 5.0 AND error-based - WHERE, HAVING, ORDER BY or GROUP BY clause (FLOOR)'
2025-03-10 18:00:16,652 - WARNING - Skipping malformed line: [18:00:16] [INFO] testing 'MySQL >= 5.0 OR error-based - WHERE, HAVING, ORDER BY or GROUP BY clause (FLOOR)'
2025-03-10 18:00:20,287 - WARNING - Skipping malformed line: [18:00:20] [INFO] testing 'MySQL >= 5.1 AND error-based - WHERE, HAVING, ORDER BY or GROUP BY clause (EXTRACTVALUE)'
2025-03-10 18:00:24,025 - WARNING - Skipping malformed line: [18:00:24] [INFO] testing 'MySQL >= 5.1 OR error-based - WHERE, HAVING, ORDER BY or GROUP BY clause (EXTRACTVALUE)'
2025-03-10 18:00:27,756 - WARNING - Skipping malformed line: [18:00:27] [INFO] testing 'MySQL >= 5.1 AND error-based - WHERE, HAVING, ORDER BY or GROUP BY clause (UPDATEXML)'
2025-03-10 18:00:31,083 - WARNING - Skipping malformed line: [18:00:31] [INFO] testing 'MySQL >= 5.1 OR error-based - WHERE, HAVING, ORDER BY or GROUP BY clause (UPDATEXML)'
2025-03-10 18:00:34,714 - WARNING - Skipping malformed line: [18:00:34] [INFO] testing 'MySQL >= 4.1 AND error-based - WHERE, HAVING, ORDER BY or GROUP BY clause (FLOOR)'
2025-03-10 18:00:38,349 - WARNING - Skipping malformed line: [18:00:38] [INFO] testing 'MySQL >= 4.1 OR error-based - WHERE or HAVING clause (FLOOR)'
2025-03-10 18:00:41,981 - WARNING - Skipping malformed line: [18:00:41] [INFO] testing 'PostgreSQL AND error-based - WHERE or HAVING clause'
2025-03-10 18:00:45,409 - WARNING - Skipping malformed line: [18:00:45] [INFO] testing 'PostgreSQL OR error-based - WHERE or HAVING clause'
2025-03-10 18:00:50,049 - WARNING - Skipping malformed line: [18:00:49] [INFO] testing 'Microsoft SQL Server/Sybase AND error-based - WHERE or HAVING clause (IN)'
2025-03-10 18:00:53,473 - WARNING - Skipping malformed line: [18:00:53] [INFO] testing 'Microsoft SQL Server/Sybase OR error-based - WHERE or HAVING clause (IN)'
2025-03-10 18:00:56,603 - WARNING - Skipping malformed line: [18:00:56] [INFO] testing 'Microsoft SQL Server/Sybase AND error-based - WHERE or HAVING clause (CONVERT)'
2025-03-10 18:00:59,929 - WARNING - Skipping malformed line: [18:00:59] [INFO] testing 'Microsoft SQL Server/Sybase OR error-based - WHERE or HAVING clause (CONVERT)'
2025-03-10 18:01:03,970 - WARNING - Skipping malformed line: [18:01:03] [INFO] testing 'Microsoft SQL Server/Sybase AND error-based - WHERE or HAVING clause (CONCAT)'
2025-03-10 18:01:07,304 - WARNING - Skipping malformed line: [18:01:07] [INFO] testing 'Microsoft SQL Server/Sybase OR error-based - WHERE or HAVING clause (CONCAT)'
2025-03-10 18:01:11,641 - WARNING - Skipping malformed line: [18:01:11] [INFO] testing 'Oracle AND error-based - WHERE or HAVING clause (XMLType)'
2025-03-10 18:01:14,664 - WARNING - Skipping malformed line: [18:01:14] [INFO] testing 'Oracle OR error-based - WHERE or HAVING clause (XMLType)'
2025-03-10 18:01:18,092 - WARNING - Skipping malformed line: [18:01:18] [INFO] testing 'Oracle AND error-based - WHERE or HAVING clause (UTL_INADDR.GET_HOST_ADDRESS)'
2025-03-10 18:01:21,625 - WARNING - Skipping malformed line: [18:01:21] [INFO] testing 'Oracle OR error-based - WHERE or HAVING clause (UTL_INADDR.GET_HOST_ADDRESS)'
2025-03-10 18:01:24,855 - WARNING - Skipping malformed line: [18:01:24] [INFO] testing 'Oracle AND error-based - WHERE or HAVING clause (CTXSYS.DRITHSX.SN)'
2025-03-10 18:01:28,385 - WARNING - Skipping malformed line: [18:01:28] [INFO] testing 'Oracle OR error-based - WHERE or HAVING clause (CTXSYS.DRITHSX.SN)'
2025-03-10 18:01:33,028 - WARNING - Skipping malformed line: [18:01:32] [INFO] testing 'Firebird AND error-based - WHERE or HAVING clause'
2025-03-10 18:01:36,247 - WARNING - Skipping malformed line: [18:01:36] [INFO] testing 'MonetDB AND error-based - WHERE or HAVING clause'
2025-03-10 18:01:39,875 - WARNING - Skipping malformed line: [18:01:39] [INFO] testing 'Vertica AND error-based - WHERE or HAVING clause'
2025-03-10 18:01:43,511 - WARNING - Skipping malformed line: [18:01:43] [INFO] testing 'IBM DB2 AND error-based - WHERE or HAVING clause'
2025-03-10 18:01:47,142 - WARNING - Skipping malformed line: [18:01:47] [INFO] testing 'ClickHouse AND error-based - WHERE, HAVING, ORDER BY or GROUP BY clause'
2025-03-10 18:01:50,777 - WARNING - Skipping malformed line: [18:01:50] [INFO] testing 'MySQL >= 5.1 error-based - PROCEDURE ANALYSE (EXTRACTVALUE)'
2025-03-10 18:01:54,106 - WARNING - Skipping malformed line: [18:01:54] [INFO] testing 'MySQL >= 5.0 error-based - Parameter replace (FLOOR)'
2025-03-10 18:01:54,207 - WARNING - Skipping malformed line: [18:01:54] [INFO] testing 'MySQL >= 5.1 error-based - Parameter replace (EXTRACTVALUE)'
2025-03-10 18:01:54,410 - WARNING - Skipping malformed line: [18:01:54] [INFO] testing 'PostgreSQL error-based - Parameter replace'
2025-03-10 18:01:54,511 - WARNING - Skipping malformed line: [18:01:54] [INFO] testing 'Microsoft SQL Server/Sybase error-based - Parameter replace'
2025-03-10 18:01:54,713 - WARNING - Skipping malformed line: [18:01:54] [INFO] testing 'Oracle error-based - Parameter replace'
2025-03-10 18:01:54,814 - WARNING - Skipping malformed line: [18:01:54] [INFO] testing 'MySQL >= 5.1 error-based - ORDER BY, GROUP BY clause (EXTRACTVALUE)'
2025-03-10 18:01:55,218 - WARNING - Skipping malformed line: [18:01:55] [INFO] testing 'MySQL >= 4.1 error-based - ORDER BY, GROUP BY clause (FLOOR)'
2025-03-10 18:01:55,521 - WARNING - Skipping malformed line: [18:01:55] [INFO] testing 'PostgreSQL error-based - ORDER BY, GROUP BY clause'
2025-03-10 18:01:55,723 - WARNING - Skipping malformed line: [18:01:55] [INFO] testing 'Microsoft SQL Server/Sybase error-based - Stacking (EXEC)'
2025-03-10 18:01:57,637 - WARNING - Skipping malformed line: [18:01:57] [INFO] testing 'Generic inline queries'
2025-03-10 18:01:57,738 - WARNING - Skipping malformed line: [18:01:57] [INFO] testing 'MySQL inline queries'
2025-03-10 18:01:57,939 - WARNING - Skipping malformed line: [18:01:57] [INFO] testing 'PostgreSQL inline queries'
2025-03-10 18:01:58,141 - WARNING - Skipping malformed line: [18:01:58] [INFO] testing 'Microsoft SQL Server/Sybase inline queries'
2025-03-10 18:01:58,242 - WARNING - Skipping malformed line: [18:01:58] [INFO] testing 'Oracle inline queries'
2025-03-10 18:01:58,444 - WARNING - Skipping malformed line: [18:01:58] [INFO] testing 'SQLite inline queries'
2025-03-10 18:01:58,647 - WARNING - Skipping malformed line: [18:01:58] [INFO] testing 'Firebird inline queries'
2025-03-10 18:01:58,848 - WARNING - Skipping malformed line: [18:01:58] [INFO] testing 'ClickHouse inline queries'
2025-03-10 18:01:58,950 - WARNING - Skipping malformed line: [18:01:58] [INFO] testing 'MySQL >= 5.0.12 stacked queries (comment)'
2025-03-10 18:02:00,868 - WARNING - Skipping malformed line: [18:02:00] [INFO] testing 'MySQL >= 5.0.12 stacked queries'
2025-03-10 18:02:04,098 - WARNING - Skipping malformed line: [18:02:04] [INFO] testing 'MySQL >= 5.0.12 stacked queries (query SLEEP - comment)'
2025-03-10 18:02:06,016 - WARNING - Skipping malformed line: [18:02:05] [INFO] testing 'MySQL < 5.0.12 stacked queries (BENCHMARK - comment)'
2025-03-10 18:02:07,733 - WARNING - Skipping malformed line: [18:02:07] [INFO] testing 'PostgreSQL > 8.1 stacked queries (comment)'
2025-03-10 18:02:09,551 - WARNING - Skipping malformed line: [18:02:09] [INFO] testing 'PostgreSQL stacked queries (heavy query - comment)'
2025-03-10 18:02:11,366 - WARNING - Skipping malformed line: [18:02:11] [INFO] testing 'PostgreSQL < 8.2 stacked queries (Glibc - comment)'
2025-03-10 18:02:13,384 - WARNING - Skipping malformed line: [18:02:13] [INFO] testing 'Microsoft SQL Server/Sybase stacked queries (comment)'
2025-03-10 18:02:15,201 - WARNING - Skipping malformed line: [18:02:15] [INFO] testing 'Microsoft SQL Server/Sybase stacked queries (DECLARE - comment)'
2025-03-10 18:02:18,431 - WARNING - Skipping malformed line: [18:02:18] [INFO] testing 'Oracle stacked queries (DBMS_PIPE.RECEIVE_MESSAGE - comment)'
2025-03-10 18:02:20,246 - WARNING - Skipping malformed line: [18:02:20] [INFO] testing 'Oracle stacked queries (heavy query - comment)'
2025-03-10 18:02:22,063 - WARNING - Skipping malformed line: [18:02:21] [INFO] testing 'IBM DB2 stacked queries (heavy query - comment)'
2025-03-10 18:02:23,881 - WARNING - Skipping malformed line: [18:02:23] [INFO] testing 'SQLite > 2.0 stacked queries (heavy query - comment)'
2025-03-10 18:02:25,598 - WARNING - Skipping malformed line: [18:02:25] [INFO] testing 'MySQL >= 5.0.12 AND time-based blind (query SLEEP)'
2025-03-10 18:02:29,230 - WARNING - Skipping malformed line: [18:02:29] [INFO] testing 'MySQL >= 5.0.12 OR time-based blind (query SLEEP)'
2025-03-10 18:02:32,358 - WARNING - Skipping malformed line: [18:02:32] [INFO] testing 'MySQL >= 5.0.12 AND time-based blind (SLEEP)'
2025-03-10 18:02:36,907 - WARNING - Skipping malformed line: [18:02:36] [INFO] testing 'MySQL >= 5.0.12 OR time-based blind (SLEEP)'
2025-03-10 18:02:40,134 - WARNING - Skipping malformed line: [18:02:40] [INFO] testing 'MySQL >= 5.0.12 AND time-based blind (SLEEP - comment)'
2025-03-10 18:02:42,051 - WARNING - Skipping malformed line: [18:02:42] [INFO] testing 'MySQL >= 5.0.12 OR time-based blind (SLEEP - comment)'
2025-03-10 18:02:43,866 - WARNING - Skipping malformed line: [18:02:43] [INFO] testing 'MySQL >= 5.0.12 AND time-based blind (query SLEEP - comment)'
2025-03-10 18:02:45,885 - WARNING - Skipping malformed line: [18:02:45] [INFO] testing 'MySQL >= 5.0.12 OR time-based blind (query SLEEP - comment)'
2025-03-10 18:02:47,805 - WARNING - Skipping malformed line: [18:02:47] [INFO] testing 'MySQL < 5.0.12 AND time-based blind (BENCHMARK)'
2025-03-10 18:02:51,139 - WARNING - Skipping malformed line: [18:02:51] [INFO] testing 'MySQL > 5.0.12 AND time-based blind (heavy query)'
2025-03-10 18:02:54,371 - WARNING - Skipping malformed line: [18:02:54] [INFO] testing 'MySQL < 5.0.12 OR time-based blind (BENCHMARK)'
2025-03-10 18:02:59,209 - WARNING - Skipping malformed line: [18:02:59] [INFO] testing 'MySQL > 5.0.12 OR time-based blind (heavy query)'
2025-03-10 18:03:02,842 - WARNING - Skipping malformed line: [18:03:02] [INFO] testing 'MySQL >= 5.0.12 RLIKE time-based blind'
2025-03-10 18:03:06,276 - WARNING - Skipping malformed line: [18:03:06] [INFO] testing 'MySQL >= 5.0.12 RLIKE time-based blind (query SLEEP)'
2025-03-10 18:03:09,708 - WARNING - Skipping malformed line: [18:03:09] [INFO] testing 'MySQL AND time-based blind (ELT)'
2025-03-10 18:03:13,240 - WARNING - Skipping malformed line: [18:03:13] [INFO] testing 'MySQL OR time-based blind (ELT)'
2025-03-10 18:03:18,186 - WARNING - Skipping malformed line: [18:03:18] [INFO] testing 'PostgreSQL > 8.1 AND time-based blind'
2025-03-10 18:03:21,612 - WARNING - Skipping malformed line: [18:03:21] [INFO] testing 'PostgreSQL > 8.1 OR time-based blind'
2025-03-10 18:03:24,842 - WARNING - Skipping malformed line: [18:03:24] [INFO] testing 'PostgreSQL AND time-based blind (heavy query)'
2025-03-10 18:03:28,476 - WARNING - Skipping malformed line: [18:03:28] [INFO] testing 'PostgreSQL OR time-based blind (heavy query)'
2025-03-10 18:03:32,011 - WARNING - Skipping malformed line: [18:03:31] [INFO] testing 'Microsoft SQL Server/Sybase time-based blind (IF)'
2025-03-10 18:03:35,240 - WARNING - Skipping malformed line: [18:03:35] [INFO] testing 'Microsoft SQL Server/Sybase AND time-based blind (heavy query)'
2025-03-10 18:03:38,774 - WARNING - Skipping malformed line: [18:03:38] [INFO] testing 'Microsoft SQL Server/Sybase OR time-based blind (heavy query)'
2025-03-10 18:03:43,314 - WARNING - Skipping malformed line: [18:03:43] [INFO] testing 'Oracle AND time-based blind'
2025-03-10 18:03:46,643 - WARNING - Skipping malformed line: [18:03:46] [INFO] testing 'Oracle OR time-based blind'
2025-03-10 18:03:49,773 - WARNING - Skipping malformed line: [18:03:49] [INFO] testing 'Oracle AND time-based blind (heavy query)'
2025-03-10 18:03:53,002 - WARNING - Skipping malformed line: [18:03:52] [INFO] testing 'Oracle OR time-based blind (heavy query)'
2025-03-10 18:03:56,030 - WARNING - Skipping malformed line: [18:03:56] [INFO] testing 'IBM DB2 AND time-based blind (heavy query)'
2025-03-10 18:03:59,660 - WARNING - Skipping malformed line: [18:03:59] [INFO] testing 'IBM DB2 OR time-based blind (heavy query)'
2025-03-10 18:04:03,084 - WARNING - Skipping malformed line: [18:04:03] [INFO] testing 'SQLite > 2.0 AND time-based blind (heavy query)'
2025-03-10 18:04:06,616 - WARNING - Skipping malformed line: [18:04:06] [INFO] testing 'SQLite > 2.0 OR time-based blind (heavy query)'
2025-03-10 18:04:09,849 - WARNING - Skipping malformed line: [18:04:09] [INFO] testing 'Informix AND time-based blind (heavy query)'
2025-03-10 18:04:13,279 - WARNING - Skipping malformed line: [18:04:13] [INFO] testing 'Informix OR time-based blind (heavy query)'
2025-03-10 18:04:16,710 - WARNING - Skipping malformed line: [18:04:16] [INFO] testing 'MySQL >= 5.1 time-based blind (heavy query) - PROCEDURE ANALYSE (EXTRACTVALUE)'
2025-03-10 18:04:19,942 - WARNING - Skipping malformed line: [18:04:19] [INFO] testing 'MySQL >= 5.0.12 time-based blind - Parameter replace'
2025-03-10 18:04:20,143 - WARNING - Skipping malformed line: [18:04:20] [INFO] testing 'MySQL >= 5.0.12 time-based blind - Parameter replace (substraction)'
2025-03-10 18:04:20,244 - WARNING - Skipping malformed line: [18:04:20] [INFO] testing 'PostgreSQL > 8.1 time-based blind - Parameter replace'
2025-03-10 18:04:20,446 - WARNING - Skipping malformed line: [18:04:20] [INFO] testing 'Oracle time-based blind - Parameter replace (DBMS_LOCK.SLEEP)'
2025-03-10 18:04:20,647 - WARNING - Skipping malformed line: [18:04:20] [INFO] testing 'Oracle time-based blind - Parameter replace (DBMS_PIPE.RECEIVE_MESSAGE)'
2025-03-10 18:04:20,749 - WARNING - Skipping malformed line: [18:04:20] [INFO] testing 'MySQL >= 5.0.12 time-based blind - ORDER BY, GROUP BY clause'
2025-03-10 18:04:21,254 - WARNING - Skipping malformed line: [18:04:21] [INFO] testing 'PostgreSQL > 8.1 time-based blind - ORDER BY, GROUP BY clause'
2025-03-10 18:04:21,455 - WARNING - Skipping malformed line: [18:04:21] [INFO] testing 'Oracle time-based blind - ORDER BY, GROUP BY clause (DBMS_LOCK.SLEEP)'
2025-03-10 18:04:21,758 - WARNING - Skipping malformed line: [18:04:21] [INFO] testing 'Oracle time-based blind - ORDER BY, GROUP BY clause (DBMS_PIPE.RECEIVE_MESSAGE)'
2025-03-10 18:04:22,059 - WARNING - Skipping malformed line: [18:04:22] [INFO] testing 'Generic UNION query (NULL) - 1 to 10 columns'
2025-03-10 18:04:29,616 - WARNING - Skipping malformed line: [18:04:29] [INFO] testing 'Generic UNION query (random number) - 1 to 10 columns'
2025-03-10 18:04:37,280 - WARNING - Skipping malformed line: [18:04:37] [INFO] testing 'MySQL UNION query (NULL) - 1 to 10 columns'
2025-03-10 18:04:45,354 - WARNING - Skipping malformed line: [18:04:45] [INFO] testing 'MySQL UNION query (random number) - 1 to 10 columns'
2025-03-10 18:04:53,731 - WARNING - Skipping malformed line: [18:04:53] [WARNING] parameter 'Referer' does not seem to be injectable
2025-03-10 18:04:53,731 - WARNING - Skipping malformed line: [18:04:53] [CRITICAL] all tested parameters do not appear to be injectable. Try to increase values for '--level'/'--risk' options if you wish to perform more tests. If you suspect that there is some kind of protection mechanism involved (e.g. WAF) maybe you could try to use option '--tamper' (e.g. '--tamper=space2comment') and/or switch '--random-agent'
2025-03-10 18:04:53,731 - WARNING - Skipping malformed line: 
2025-03-10 18:04:53,731 - WARNING - Skipping malformed line: [*] ending @ 18:04:53 /2025-03-10/
2025-03-10 18:04:53,731 - WARNING - Skipping malformed line: 
2025-03-10 22:24:16,741 - WARNING - Skipping malformed line: SQL Injection Scan in progress...
2025-03-10 22:24:17,044 - WARNING - Skipping malformed line: ___
2025-03-10 22:24:17,044 - WARNING - Skipping malformed line: __H__
2025-03-10 22:24:17,044 - WARNING - Skipping malformed line: ___ ___[)]_____ ___ ___  {1.9.2#pip}
2025-03-10 22:24:17,044 - WARNING - Skipping malformed line: |_ -| . [(]     | .'| . |
2025-03-10 22:24:17,044 - WARNING - Skipping malformed line: |___|_  [.]_|_|_|__,|  _|
2025-03-10 22:24:17,044 - WARNING - Skipping malformed line: |_|V...       |_|   https://sqlmap.org
2025-03-10 22:24:17,044 - WARNING - Skipping malformed line: 
2025-03-10 22:24:17,044 - WARNING - Skipping malformed line: [!] legal disclaimer: Usage of sqlmap for attacking targets without prior mutual consent is illegal. It is the end user's responsibility to obey all applicable local, state and federal laws. Developers assume no liability and are not responsible for any misuse or damage caused by this program
2025-03-10 22:24:17,044 - WARNING - Skipping malformed line: 
2025-03-10 22:24:17,044 - WARNING - Skipping malformed line: [*] starting @ 22:24:16 /2025-03-10/
2025-03-10 22:24:17,044 - WARNING - Skipping malformed line: 
2025-03-10 22:24:17,044 - WARNING - Skipping malformed line: [22:24:16] [WARNING] the minimum HTTP timeout is 3 seconds, sqlmap will going to reset it
2025-03-10 22:24:17,044 - WARNING - Skipping malformed line: [22:24:17] [INFO] testing connection to the target URL
2025-03-10 22:24:17,748 - WARNING - Skipping malformed line: [22:24:17] [INFO] checking if the target is protected by some kind of WAF/IPS
2025-03-10 22:24:18,150 - WARNING - Skipping malformed line: [22:24:18] [INFO] testing if the target URL content is stable
2025-03-10 22:24:18,452 - WARNING - Skipping malformed line: [22:24:18] [INFO] target URL content is stable
2025-03-10 22:24:18,452 - WARNING - Skipping malformed line: [22:24:18] [CRITICAL] no parameter(s) found for testing in the provided data (e.g. GET parameter 'id' in 'www.site.com/index.php?id=1'). You are advised to rerun with '--forms --crawl=2'
2025-03-10 22:24:18,452 - WARNING - Skipping malformed line: 
2025-03-10 22:24:18,452 - WARNING - Skipping malformed line: [*] ending @ 22:24:18 /2025-03-10/
2025-03-10 22:24:18,452 - WARNING - Skipping malformed line: 
2025-03-10 22:25:00,324 - WARNING - Skipping malformed line: SQL Injection Scan in progress...
2025-03-10 22:25:00,574 - WARNING - Skipping malformed line: ___
2025-03-10 22:25:00,574 - WARNING - Skipping malformed line: __H__
2025-03-10 22:25:00,574 - WARNING - Skipping malformed line: ___ ___[,]_____ ___ ___  {1.9.2#pip}
2025-03-10 22:25:00,574 - WARNING - Skipping malformed line: |_ -| . [,]     | .'| . |
2025-03-10 22:25:00,574 - WARNING - Skipping malformed line: |___|_  ["]_|_|_|__,|  _|
2025-03-10 22:25:00,574 - WARNING - Skipping malformed line: |_|V...       |_|   https://sqlmap.org
2025-03-10 22:25:00,574 - WARNING - Skipping malformed line: 
2025-03-10 22:25:00,574 - WARNING - Skipping malformed line: [!] legal disclaimer: Usage of sqlmap for attacking targets without prior mutual consent is illegal. It is the end user's responsibility to obey all applicable local, state and federal laws. Developers assume no liability and are not responsible for any misuse or damage caused by this program
2025-03-10 22:25:00,574 - WARNING - Skipping malformed line: 
2025-03-10 22:25:00,574 - WARNING - Skipping malformed line: [*] starting @ 22:25:00 /2025-03-10/
2025-03-10 22:25:00,574 - WARNING - Skipping malformed line: 
2025-03-10 22:25:00,574 - WARNING - Skipping malformed line: [22:25:00] [WARNING] the minimum HTTP timeout is 3 seconds, sqlmap will going to reset it
2025-03-10 22:25:02,242 - WARNING - Skipping malformed line: [22:25:02] [INFO] testing connection to the target URL
2025-03-10 22:25:02,950 - WARNING - Skipping malformed line: you have not declared cookie(s), while server wants to set its own ('JSESSIONID=246F183EC25...B4F4CC677B'). Do you want to use those [Y/n] Y
2025-03-10 22:25:02,950 - WARNING - Skipping malformed line: [22:25:02] [INFO] testing if the target URL content is stable
2025-03-10 22:25:03,301 - WARNING - Skipping malformed line: [22:25:03] [INFO] target URL content is stable
2025-03-10 22:25:03,301 - WARNING - Skipping malformed line: [22:25:03] [CRITICAL] no parameter(s) found for testing in the provided data (e.g. GET parameter 'id' in 'www.site.com/index.php?id=1'). You are advised to rerun with '--forms --crawl=2'
2025-03-10 22:25:03,301 - WARNING - Skipping malformed line: 
2025-03-10 22:25:03,301 - WARNING - Skipping malformed line: [*] ending @ 22:25:03 /2025-03-10/
2025-03-10 22:25:03,301 - WARNING - Skipping malformed line: 
2025-03-10 22:29:25,951 - WARNING - Skipping malformed line: SQL Injection Scan in progress...
2025-03-10 22:29:26,198 - WARNING - Skipping malformed line: ___
2025-03-10 22:29:26,198 - WARNING - Skipping malformed line: __H__
2025-03-10 22:29:26,198 - WARNING - Skipping malformed line: ___ ___[(]_____ ___ ___  {1.9.2#pip}
2025-03-10 22:29:26,198 - WARNING - Skipping malformed line: |_ -| . [']     | .'| . |
2025-03-10 22:29:26,198 - WARNING - Skipping malformed line: |___|_  [.]_|_|_|__,|  _|
2025-03-10 22:29:26,198 - WARNING - Skipping malformed line: |_|V...       |_|   https://sqlmap.org
2025-03-10 22:29:26,199 - WARNING - Skipping malformed line: 
2025-03-10 22:29:26,199 - WARNING - Skipping malformed line: [!] legal disclaimer: Usage of sqlmap for attacking targets without prior mutual consent is illegal. It is the end user's responsibility to obey all applicable local, state and federal laws. Developers assume no liability and are not responsible for any misuse or damage caused by this program
2025-03-10 22:29:26,199 - WARNING - Skipping malformed line: 
2025-03-10 22:29:26,199 - WARNING - Skipping malformed line: [*] starting @ 22:29:26 /2025-03-10/
2025-03-10 22:29:26,199 - WARNING - Skipping malformed line: 
2025-03-10 22:29:26,253 - WARNING - Skipping malformed line: [22:29:26] [INFO] testing connection to the target URL
2025-03-10 22:29:26,901 - WARNING - Skipping malformed line: you have not declared cookie(s), while server wants to set its own ('JSESSIONID=90E53F5F6B8...A79DA69363'). Do you want to use those [Y/n] Y
2025-03-10 22:29:26,901 - WARNING - Skipping malformed line: [22:29:26] [INFO] testing if the target URL content is stable
2025-03-10 22:29:27,266 - WARNING - Skipping malformed line: [22:29:27] [INFO] target URL content is stable
2025-03-10 22:29:27,266 - WARNING - Skipping malformed line: [22:29:27] [INFO] testing if parameter 'User-Agent' is dynamic
2025-03-10 22:29:27,569 - WARNING - Skipping malformed line: [22:29:27] [WARNING] parameter 'User-Agent' does not appear to be dynamic
2025-03-10 22:29:27,973 - WARNING - Skipping malformed line: [22:29:27] [WARNING] heuristic (basic) test shows that parameter 'User-Agent' might not be injectable
2025-03-10 22:29:28,315 - WARNING - Skipping malformed line: [22:29:28] [INFO] testing for SQL injection on parameter 'User-Agent'
2025-03-10 22:29:28,376 - WARNING - Skipping malformed line: [22:29:28] [INFO] testing 'AND boolean-based blind - WHERE or HAVING clause'
2025-03-10 22:29:35,837 - WARNING - Skipping malformed line: [22:29:35] [INFO] testing 'OR boolean-based blind - WHERE or HAVING clause'
2025-03-10 22:29:52,125 - WARNING - Skipping malformed line: [22:29:52] [INFO] testing 'OR boolean-based blind - WHERE or HAVING clause (NOT)'
2025-03-10 22:30:00,125 - WARNING - Skipping malformed line: [22:30:00] [INFO] testing 'AND boolean-based blind - WHERE or HAVING clause (subquery - comment)'
2025-03-10 22:30:03,801 - WARNING - Skipping malformed line: [22:30:03] [INFO] testing 'OR boolean-based blind - WHERE or HAVING clause (subquery - comment)'
2025-03-10 22:30:11,932 - WARNING - Skipping malformed line: [22:30:11] [INFO] testing 'AND boolean-based blind - WHERE or HAVING clause (comment)'
2025-03-10 22:30:15,089 - WARNING - Skipping malformed line: [22:30:15] [INFO] testing 'OR boolean-based blind - WHERE or HAVING clause (comment)'
2025-03-10 22:30:21,321 - WARNING - Skipping malformed line: [22:30:21] [INFO] testing 'AND boolean-based blind - WHERE or HAVING clause (MySQL comment)'
2025-03-10 22:30:25,607 - WARNING - Skipping malformed line: [22:30:25] [INFO] testing 'OR boolean-based blind - WHERE or HAVING clause (MySQL comment)'
2025-03-10 22:30:34,048 - WARNING - Skipping malformed line: [22:30:33] [INFO] testing 'OR boolean-based blind - WHERE or HAVING clause (NOT - MySQL comment)'
2025-03-10 22:30:37,893 - WARNING - Skipping malformed line: [22:30:37] [INFO] testing 'AND boolean-based blind - WHERE or HAVING clause (Microsoft Access comment)'
2025-03-10 22:30:41,937 - WARNING - Skipping malformed line: [22:30:41] [INFO] testing 'OR boolean-based blind - WHERE or HAVING clause (Microsoft Access comment)'
2025-03-10 22:30:49,813 - WARNING - Skipping malformed line: [22:30:49] [INFO] testing 'MySQL RLIKE boolean-based blind - WHERE, HAVING, ORDER BY or GROUP BY clause'
2025-03-10 22:30:57,303 - WARNING - Skipping malformed line: [22:30:57] [INFO] testing 'MySQL AND boolean-based blind - WHERE, HAVING, ORDER BY or GROUP BY clause (MAKE_SET)'
2025-03-10 22:31:04,790 - WARNING - Skipping malformed line: [22:31:04] [INFO] testing 'MySQL OR boolean-based blind - WHERE, HAVING, ORDER BY or GROUP BY clause (MAKE_SET)'
2025-03-10 22:31:21,182 - WARNING - Skipping malformed line: [22:31:21] [INFO] testing 'PostgreSQL AND boolean-based blind - WHERE or HAVING clause (CAST)'
2025-03-10 22:31:28,370 - WARNING - Skipping malformed line: [22:31:28] [INFO] testing 'PostgreSQL OR boolean-based blind - WHERE or HAVING clause (CAST)'
2025-03-10 22:31:43,443 - WARNING - Skipping malformed line: [22:31:43] [INFO] testing 'Oracle AND boolean-based blind - WHERE or HAVING clause (CTXSYS.DRITHSX.SN)'
2025-03-10 22:31:50,427 - WARNING - Skipping malformed line: [22:31:50] [INFO] testing 'Oracle OR boolean-based blind - WHERE or HAVING clause (CTXSYS.DRITHSX.SN)'
2025-03-10 22:32:05,914 - WARNING - Skipping malformed line: [22:32:05] [INFO] testing 'SQLite AND boolean-based blind - WHERE, HAVING, GROUP BY or HAVING clause (JSON)'
2025-03-10 22:32:13,001 - WARNING - Skipping malformed line: [22:32:12] [INFO] testing 'SQLite OR boolean-based blind - WHERE, HAVING, GROUP BY or HAVING clause (JSON)'
2025-03-10 22:32:27,675 - WARNING - Skipping malformed line: [22:32:27] [INFO] testing 'Boolean-based blind - Parameter replace (original value)'
2025-03-10 22:32:27,981 - WARNING - Skipping malformed line: [22:32:27] [INFO] testing 'PostgreSQL boolean-based blind - Parameter replace'
2025-03-10 22:32:28,285 - WARNING - Skipping malformed line: [22:32:28] [INFO] testing 'Microsoft SQL Server/Sybase boolean-based blind - Parameter replace'
2025-03-10 22:32:28,589 - WARNING - Skipping malformed line: [22:32:28] [INFO] testing 'Oracle boolean-based blind - Parameter replace'
2025-03-10 22:32:28,893 - WARNING - Skipping malformed line: [22:32:28] [INFO] testing 'Informix boolean-based blind - Parameter replace'
2025-03-10 22:32:29,195 - WARNING - Skipping malformed line: [22:32:29] [INFO] testing 'Microsoft Access boolean-based blind - Parameter replace'
2025-03-10 22:32:29,499 - WARNING - Skipping malformed line: [22:32:29] [INFO] testing 'Boolean-based blind - Parameter replace (DUAL)'
2025-03-10 22:32:29,903 - WARNING - Skipping malformed line: [22:32:29] [INFO] testing 'Boolean-based blind - Parameter replace (DUAL - original value)'
2025-03-10 22:32:30,207 - WARNING - Skipping malformed line: [22:32:30] [INFO] testing 'Boolean-based blind - Parameter replace (CASE)'
2025-03-10 22:32:30,511 - WARNING - Skipping malformed line: [22:32:30] [INFO] testing 'Boolean-based blind - Parameter replace (CASE - original value)'
2025-03-10 22:32:30,814 - WARNING - Skipping malformed line: [22:32:30] [INFO] testing 'MySQL >= 5.0 boolean-based blind - ORDER BY, GROUP BY clause'
2025-03-10 22:32:31,624 - WARNING - Skipping malformed line: [22:32:31] [INFO] testing 'MySQL >= 5.0 boolean-based blind - ORDER BY, GROUP BY clause (original value)'
2025-03-10 22:32:32,333 - WARNING - Skipping malformed line: [22:32:32] [INFO] testing 'MySQL < 5.0 boolean-based blind - ORDER BY, GROUP BY clause'
2025-03-10 22:32:32,333 - WARNING - Skipping malformed line: [22:32:32] [INFO] testing 'PostgreSQL boolean-based blind - ORDER BY, GROUP BY clause'
2025-03-10 22:32:32,939 - WARNING - Skipping malformed line: [22:32:32] [INFO] testing 'Microsoft SQL Server/Sybase boolean-based blind - ORDER BY clause'
2025-03-10 22:32:33,546 - WARNING - Skipping malformed line: [22:32:33] [INFO] testing 'Oracle boolean-based blind - ORDER BY, GROUP BY clause'
2025-03-10 22:32:34,152 - WARNING - Skipping malformed line: [22:32:34] [INFO] testing 'HAVING boolean-based blind - WHERE, GROUP BY clause'
2025-03-10 22:32:41,334 - WARNING - Skipping malformed line: [22:32:41] [INFO] testing 'PostgreSQL boolean-based blind - Stacked queries'
2025-03-10 22:32:45,486 - WARNING - Skipping malformed line: [22:32:45] [INFO] testing 'Microsoft SQL Server/Sybase boolean-based blind - Stacked queries (IF)'
2025-03-10 22:32:52,170 - WARNING - Skipping malformed line: [22:32:52] [INFO] testing 'MySQL >= 5.0 AND error-based - WHERE, HAVING, ORDER BY or GROUP BY clause (FLOOR)'
2025-03-10 22:32:59,656 - WARNING - Skipping malformed line: [22:32:59] [INFO] testing 'MySQL >= 5.0 OR error-based - WHERE, HAVING, ORDER BY or GROUP BY clause (FLOOR)'
2025-03-10 22:33:07,141 - WARNING - Skipping malformed line: [22:33:07] [INFO] testing 'MySQL >= 5.1 AND error-based - WHERE, HAVING, ORDER BY or GROUP BY clause (EXTRACTVALUE)'
2025-03-10 22:33:15,438 - WARNING - Skipping malformed line: [22:33:15] [INFO] testing 'MySQL >= 5.1 OR error-based - WHERE, HAVING, ORDER BY or GROUP BY clause (EXTRACTVALUE)'
2025-03-10 22:33:22,816 - WARNING - Skipping malformed line: [22:33:22] [INFO] testing 'MySQL >= 5.1 AND error-based - WHERE, HAVING, ORDER BY or GROUP BY clause (UPDATEXML)'
2025-03-10 22:33:32,940 - WARNING - Skipping malformed line: [22:33:32] [INFO] testing 'MySQL >= 5.1 OR error-based - WHERE, HAVING, ORDER BY or GROUP BY clause (UPDATEXML)'
2025-03-10 22:33:40,438 - WARNING - Skipping malformed line: [22:33:40] [INFO] testing 'MySQL >= 4.1 AND error-based - WHERE, HAVING, ORDER BY or GROUP BY clause (FLOOR)'
2025-03-10 22:33:48,126 - WARNING - Skipping malformed line: [22:33:48] [INFO] testing 'MySQL >= 4.1 OR error-based - WHERE or HAVING clause (FLOOR)'
2025-03-10 22:33:55,721 - WARNING - Skipping malformed line: [22:33:55] [INFO] testing 'PostgreSQL AND error-based - WHERE or HAVING clause'
2025-03-10 22:34:03,404 - WARNING - Skipping malformed line: [22:34:03] [INFO] testing 'PostgreSQL OR error-based - WHERE or HAVING clause'
2025-03-10 22:34:11,403 - WARNING - Skipping malformed line: [22:34:11] [INFO] testing 'Microsoft SQL Server/Sybase AND error-based - WHERE or HAVING clause (IN)'
2025-03-10 22:34:18,992 - WARNING - Skipping malformed line: [22:34:18] [INFO] testing 'Microsoft SQL Server/Sybase OR error-based - WHERE or HAVING clause (IN)'
2025-03-10 22:34:27,184 - WARNING - Skipping malformed line: [22:34:27] [INFO] testing 'Microsoft SQL Server/Sybase AND error-based - WHERE or HAVING clause (CONVERT)'
2025-03-10 22:34:35,678 - WARNING - Skipping malformed line: [22:34:35] [INFO] testing 'Microsoft SQL Server/Sybase OR error-based - WHERE or HAVING clause (CONVERT)'
2025-03-10 22:34:43,875 - WARNING - Skipping malformed line: [22:34:43] [INFO] testing 'Microsoft SQL Server/Sybase AND error-based - WHERE or HAVING clause (CONCAT)'
2025-03-10 22:34:51,761 - WARNING - Skipping malformed line: [22:34:51] [INFO] testing 'Microsoft SQL Server/Sybase OR error-based - WHERE or HAVING clause (CONCAT)'
2025-03-10 22:34:59,852 - WARNING - Skipping malformed line: [22:34:59] [INFO] testing 'Oracle AND error-based - WHERE or HAVING clause (XMLType)'
2025-03-10 22:35:07,944 - WARNING - Skipping malformed line: [22:35:07] [INFO] testing 'Oracle OR error-based - WHERE or HAVING clause (XMLType)'
2025-03-10 22:35:16,544 - WARNING - Skipping malformed line: [22:35:16] [INFO] testing 'Oracle AND error-based - WHERE or HAVING clause (UTL_INADDR.GET_HOST_ADDRESS)'
2025-03-10 22:35:23,825 - WARNING - Skipping malformed line: [22:35:23] [INFO] testing 'Oracle OR error-based - WHERE or HAVING clause (UTL_INADDR.GET_HOST_ADDRESS)'
2025-03-10 22:35:31,112 - WARNING - Skipping malformed line: [22:35:31] [INFO] testing 'Oracle AND error-based - WHERE or HAVING clause (CTXSYS.DRITHSX.SN)'
2025-03-10 22:35:39,099 - WARNING - Skipping malformed line: [22:35:39] [INFO] testing 'Oracle OR error-based - WHERE or HAVING clause (CTXSYS.DRITHSX.SN)'
2025-03-10 22:35:46,898 - WARNING - Skipping malformed line: [22:35:46] [INFO] testing 'Firebird AND error-based - WHERE or HAVING clause'
2025-03-10 22:35:54,177 - WARNING - Skipping malformed line: [22:35:54] [INFO] testing 'MonetDB AND error-based - WHERE or HAVING clause'
2025-03-10 22:36:02,178 - WARNING - Skipping malformed line: [22:36:02] [INFO] testing 'Vertica AND error-based - WHERE or HAVING clause'
2025-03-10 22:36:09,460 - WARNING - Skipping malformed line: [22:36:09] [INFO] testing 'IBM DB2 AND error-based - WHERE or HAVING clause'
2025-03-10 22:36:16,651 - WARNING - Skipping malformed line: [22:36:16] [INFO] testing 'ClickHouse AND error-based - WHERE, HAVING, ORDER BY or GROUP BY clause'
2025-03-10 22:36:24,239 - WARNING - Skipping malformed line: [22:36:24] [INFO] testing 'MySQL >= 5.1 error-based - PROCEDURE ANALYSE (EXTRACTVALUE)'
2025-03-10 22:36:31,427 - WARNING - Skipping malformed line: [22:36:31] [INFO] testing 'MySQL >= 5.0 error-based - Parameter replace (FLOOR)'
2025-03-10 22:36:31,733 - WARNING - Skipping malformed line: [22:36:31] [INFO] testing 'MySQL >= 5.1 error-based - Parameter replace (EXTRACTVALUE)'
2025-03-10 22:36:32,037 - WARNING - Skipping malformed line: [22:36:31] [INFO] testing 'PostgreSQL error-based - Parameter replace'
2025-03-10 22:36:32,342 - WARNING - Skipping malformed line: [22:36:32] [INFO] testing 'Microsoft SQL Server/Sybase error-based - Parameter replace'
2025-03-10 22:36:32,646 - WARNING - Skipping malformed line: [22:36:32] [INFO] testing 'Oracle error-based - Parameter replace'
2025-03-10 22:36:32,950 - WARNING - Skipping malformed line: [22:36:32] [INFO] testing 'MySQL >= 5.1 error-based - ORDER BY, GROUP BY clause (EXTRACTVALUE)'
2025-03-10 22:36:33,559 - WARNING - Skipping malformed line: [22:36:33] [INFO] testing 'MySQL >= 4.1 error-based - ORDER BY, GROUP BY clause (FLOOR)'
2025-03-10 22:36:34,167 - WARNING - Skipping malformed line: [22:36:34] [INFO] testing 'PostgreSQL error-based - ORDER BY, GROUP BY clause'
2025-03-10 22:36:34,775 - WARNING - Skipping malformed line: [22:36:34] [INFO] testing 'Microsoft SQL Server/Sybase error-based - Stacking (EXEC)'
2025-03-10 22:36:38,919 - WARNING - Skipping malformed line: [22:36:38] [INFO] testing 'Generic inline queries'
2025-03-10 22:36:39,224 - WARNING - Skipping malformed line: [22:36:39] [INFO] testing 'MySQL inline queries'
2025-03-10 22:36:39,427 - WARNING - Skipping malformed line: [22:36:39] [INFO] testing 'PostgreSQL inline queries'
2025-03-10 22:36:40,034 - WARNING - Skipping malformed line: [22:36:40] [INFO] testing 'Microsoft SQL Server/Sybase inline queries'
2025-03-10 22:36:40,440 - WARNING - Skipping malformed line: [22:36:40] [INFO] testing 'Oracle inline queries'
2025-03-10 22:36:40,744 - WARNING - Skipping malformed line: [22:36:40] [INFO] testing 'SQLite inline queries'
2025-03-10 22:36:41,048 - WARNING - Skipping malformed line: [22:36:40] [INFO] testing 'Firebird inline queries'
2025-03-10 22:36:41,251 - WARNING - Skipping malformed line: [22:36:41] [INFO] testing 'ClickHouse inline queries'
2025-03-10 22:36:41,858 - WARNING - Skipping malformed line: [22:36:41] [INFO] testing 'MySQL >= 5.0.12 stacked queries (comment)'
2025-03-10 22:36:45,402 - WARNING - Skipping malformed line: [22:36:45] [INFO] testing 'MySQL >= 5.0.12 stacked queries'
2025-03-10 22:36:52,485 - WARNING - Skipping malformed line: [22:36:52] [INFO] testing 'MySQL >= 5.0.12 stacked queries (query SLEEP - comment)'
2025-03-10 22:36:56,431 - WARNING - Skipping malformed line: [22:36:56] [INFO] testing 'MySQL < 5.0.12 stacked queries (BENCHMARK - comment)'
2025-03-10 22:37:00,179 - WARNING - Skipping malformed line: [22:37:00] [INFO] testing 'PostgreSQL > 8.1 stacked queries (comment)'
2025-03-10 22:37:04,433 - WARNING - Skipping malformed line: [22:37:04] [INFO] testing 'PostgreSQL stacked queries (heavy query - comment)'
2025-03-10 22:37:08,479 - WARNING - Skipping malformed line: [22:37:08] [INFO] testing 'PostgreSQL < 8.2 stacked queries (Glibc - comment)'
2025-03-10 22:37:12,428 - WARNING - Skipping malformed line: [22:37:12] [INFO] testing 'Microsoft SQL Server/Sybase stacked queries (comment)'
2025-03-10 22:37:16,476 - WARNING - Skipping malformed line: [22:37:16] [INFO] testing 'Microsoft SQL Server/Sybase stacked queries (DECLARE - comment)'
2025-03-10 22:37:20,120 - WARNING - Skipping malformed line: [22:37:20] [INFO] testing 'Oracle stacked queries (DBMS_PIPE.RECEIVE_MESSAGE - comment)'
2025-03-10 22:37:24,168 - WARNING - Skipping malformed line: [22:37:24] [INFO] testing 'Oracle stacked queries (heavy query - comment)'
2025-03-10 22:37:28,221 - WARNING - Skipping malformed line: [22:37:28] [INFO] testing 'IBM DB2 stacked queries (heavy query - comment)'
2025-03-10 22:37:31,867 - WARNING - Skipping malformed line: [22:37:31] [INFO] testing 'SQLite > 2.0 stacked queries (heavy query - comment)'
2025-03-10 22:37:35,613 - WARNING - Skipping malformed line: [22:37:35] [INFO] testing 'MySQL >= 5.0.12 AND time-based blind (query SLEEP)'
2025-03-10 22:37:43,608 - WARNING - Skipping malformed line: [22:37:43] [INFO] testing 'MySQL >= 5.0.12 OR time-based blind (query SLEEP)'
2025-03-10 22:37:51,506 - WARNING - Skipping malformed line: [22:37:51] [INFO] testing 'MySQL >= 5.0.12 AND time-based blind (SLEEP)'
2025-03-10 22:37:59,602 - WARNING - Skipping malformed line: [22:37:59] [INFO] testing 'MySQL >= 5.0.12 OR time-based blind (SLEEP)'
2025-03-10 22:38:07,195 - WARNING - Skipping malformed line: [22:38:07] [INFO] testing 'MySQL >= 5.0.12 AND time-based blind (SLEEP - comment)'
2025-03-10 22:38:11,549 - WARNING - Skipping malformed line: [22:38:11] [INFO] testing 'MySQL >= 5.0.12 OR time-based blind (SLEEP - comment)'
2025-03-10 22:38:16,005 - WARNING - Skipping malformed line: [22:38:15] [INFO] testing 'MySQL >= 5.0.12 AND time-based blind (query SLEEP - comment)'
2025-03-10 22:38:19,654 - WARNING - Skipping malformed line: [22:38:19] [INFO] testing 'MySQL >= 5.0.12 OR time-based blind (query SLEEP - comment)'
2025-03-10 22:38:23,498 - WARNING - Skipping malformed line: [22:38:23] [INFO] testing 'MySQL < 5.0.12 AND time-based blind (BENCHMARK)'
2025-03-10 22:38:30,278 - WARNING - Skipping malformed line: [22:38:30] [INFO] testing 'MySQL > 5.0.12 AND time-based blind (heavy query)'
2025-03-10 22:38:38,171 - WARNING - Skipping malformed line: [22:38:38] [INFO] testing 'MySQL < 5.0.12 OR time-based blind (BENCHMARK)'
2025-03-10 22:38:45,660 - WARNING - Skipping malformed line: [22:38:45] [INFO] testing 'MySQL > 5.0.12 OR time-based blind (heavy query)'
2025-03-10 22:38:52,438 - WARNING - Skipping malformed line: [22:38:52] [INFO] testing 'MySQL >= 5.0.12 RLIKE time-based blind'
2025-03-10 22:38:59,830 - WARNING - Skipping malformed line: [22:38:59] [INFO] testing 'MySQL >= 5.0.12 RLIKE time-based blind (query SLEEP)'
2025-03-10 22:39:09,547 - WARNING - Skipping malformed line: [22:39:09] [INFO] testing 'MySQL AND time-based blind (ELT)'
2025-03-10 22:39:18,254 - WARNING - Skipping malformed line: [22:39:18] [INFO] testing 'MySQL OR time-based blind (ELT)'
2025-03-10 22:39:25,837 - WARNING - Skipping malformed line: [22:39:25] [INFO] testing 'PostgreSQL > 8.1 AND time-based blind'
2025-03-10 22:39:34,141 - WARNING - Skipping malformed line: [22:39:34] [INFO] testing 'PostgreSQL > 8.1 OR time-based blind'
2025-03-10 22:39:41,521 - WARNING - Skipping malformed line: [22:39:41] [INFO] testing 'PostgreSQL AND time-based blind (heavy query)'
2025-03-10 22:39:49,322 - WARNING - Skipping malformed line: [22:39:49] [INFO] testing 'PostgreSQL OR time-based blind (heavy query)'
2025-03-10 22:39:56,503 - WARNING - Skipping malformed line: [22:39:56] [INFO] testing 'Microsoft SQL Server/Sybase time-based blind (IF)'
2025-03-10 22:40:04,203 - WARNING - Skipping malformed line: [22:40:04] [INFO] testing 'Microsoft SQL Server/Sybase AND time-based blind (heavy query)'
2025-03-10 22:40:11,387 - WARNING - Skipping malformed line: [22:40:11] [INFO] testing 'Microsoft SQL Server/Sybase OR time-based blind (heavy query)'
2025-03-10 22:40:18,978 - WARNING - Skipping malformed line: [22:40:18] [INFO] testing 'Oracle AND time-based blind'
2025-03-10 22:40:26,265 - WARNING - Skipping malformed line: [22:40:26] [INFO] testing 'Oracle OR time-based blind'
2025-03-10 22:40:34,261 - WARNING - Skipping malformed line: [22:40:34] [INFO] testing 'Oracle AND time-based blind (heavy query)'
2025-03-10 22:40:41,956 - WARNING - Skipping malformed line: [22:40:41] [INFO] testing 'Oracle OR time-based blind (heavy query)'
2025-03-10 22:40:52,076 - WARNING - Skipping malformed line: [22:40:52] [INFO] testing 'IBM DB2 AND time-based blind (heavy query)'
2025-03-10 22:40:59,870 - WARNING - Skipping malformed line: [22:40:59] [INFO] testing 'IBM DB2 OR time-based blind (heavy query)'
2025-03-10 22:41:07,654 - WARNING - Skipping malformed line: [22:41:07] [INFO] testing 'SQLite > 2.0 AND time-based blind (heavy query)'
2025-03-10 22:41:14,947 - WARNING - Skipping malformed line: [22:41:14] [INFO] testing 'SQLite > 2.0 OR time-based blind (heavy query)'
2025-03-10 22:41:22,027 - WARNING - Skipping malformed line: [22:41:21] [INFO] testing 'Informix AND time-based blind (heavy query)'
2025-03-10 22:41:29,113 - WARNING - Skipping malformed line: [22:41:29] [INFO] testing 'Informix OR time-based blind (heavy query)'
2025-03-10 22:41:36,398 - WARNING - Skipping malformed line: [22:41:36] [INFO] testing 'MySQL >= 5.1 time-based blind (heavy query) - PROCEDURE ANALYSE (EXTRACTVALUE)'
2025-03-10 22:41:43,385 - WARNING - Skipping malformed line: [22:41:43] [INFO] testing 'MySQL >= 5.0.12 time-based blind - Parameter replace'
2025-03-10 22:41:43,689 - WARNING - Skipping malformed line: [22:41:43] [INFO] testing 'MySQL >= 5.0.12 time-based blind - Parameter replace (substraction)'
2025-03-10 22:41:43,992 - WARNING - Skipping malformed line: [22:41:43] [INFO] testing 'PostgreSQL > 8.1 time-based blind - Parameter replace'
2025-03-10 22:41:44,295 - WARNING - Skipping malformed line: [22:41:44] [INFO] testing 'Oracle time-based blind - Parameter replace (DBMS_LOCK.SLEEP)'
2025-03-10 22:41:44,701 - WARNING - Skipping malformed line: [22:41:44] [INFO] testing 'Oracle time-based blind - Parameter replace (DBMS_PIPE.RECEIVE_MESSAGE)'
2025-03-10 22:41:45,005 - WARNING - Skipping malformed line: [22:41:44] [INFO] testing 'MySQL >= 5.0.12 time-based blind - ORDER BY, GROUP BY clause'
2025-03-10 22:41:45,613 - WARNING - Skipping malformed line: [22:41:45] [INFO] testing 'PostgreSQL > 8.1 time-based blind - ORDER BY, GROUP BY clause'
2025-03-10 22:41:46,119 - WARNING - Skipping malformed line: [22:41:46] [INFO] testing 'Oracle time-based blind - ORDER BY, GROUP BY clause (DBMS_LOCK.SLEEP)'
2025-03-10 22:41:47,131 - WARNING - Skipping malformed line: [22:41:47] [INFO] testing 'Oracle time-based blind - ORDER BY, GROUP BY clause (DBMS_PIPE.RECEIVE_MESSAGE)'
2025-03-10 22:41:47,738 - WARNING - Skipping malformed line: it is recommended to perform only basic UNION tests if there is not at least one other (potential) technique found. Do you want to reduce the number of requests? [Y/n] Y
2025-03-10 22:41:47,739 - WARNING - Skipping malformed line: [22:41:47] [INFO] testing 'Generic UNION query (NULL) - 1 to 10 columns'
2025-03-10 22:42:01,912 - WARNING - Skipping malformed line: [22:42:01] [INFO] testing 'Generic UNION query (random number) - 1 to 10 columns'
2025-03-10 22:42:17,798 - WARNING - Skipping malformed line: [22:42:17] [INFO] testing 'MySQL UNION query (NULL) - 1 to 10 columns'
2025-03-10 22:42:31,964 - WARNING - Skipping malformed line: [22:42:31] [INFO] testing 'MySQL UNION query (random number) - 1 to 10 columns'
2025-03-10 22:42:46,130 - WARNING - Skipping malformed line: [22:42:46] [WARNING] parameter 'User-Agent' does not seem to be injectable
2025-03-10 22:42:46,130 - WARNING - Skipping malformed line: [22:42:46] [INFO] testing if parameter 'Referer' is dynamic
2025-03-10 22:42:46,535 - WARNING - Skipping malformed line: [22:42:46] [WARNING] parameter 'Referer' does not appear to be dynamic
2025-03-10 22:42:46,839 - WARNING - Skipping malformed line: [22:42:46] [WARNING] heuristic (basic) test shows that parameter 'Referer' might not be injectable
2025-03-10 22:42:47,143 - WARNING - Skipping malformed line: [22:42:47] [INFO] testing for SQL injection on parameter 'Referer'
2025-03-10 22:42:47,143 - WARNING - Skipping malformed line: [22:42:47] [INFO] testing 'AND boolean-based blind - WHERE or HAVING clause'
2025-03-10 22:42:54,522 - WARNING - Skipping malformed line: [22:42:54] [INFO] testing 'OR boolean-based blind - WHERE or HAVING clause'
2025-03-10 22:43:09,800 - WARNING - Skipping malformed line: [22:43:09] [INFO] testing 'OR boolean-based blind - WHERE or HAVING clause (NOT)'
2025-03-10 22:43:17,496 - WARNING - Skipping malformed line: [22:43:17] [INFO] testing 'AND boolean-based blind - WHERE or HAVING clause (subquery - comment)'
2025-03-10 22:43:21,542 - WARNING - Skipping malformed line: [22:43:21] [INFO] testing 'OR boolean-based blind - WHERE or HAVING clause (subquery - comment)'
2025-03-10 22:43:30,255 - WARNING - Skipping malformed line: [22:43:30] [INFO] testing 'AND boolean-based blind - WHERE or HAVING clause (comment)'
2025-03-10 22:43:33,290 - WARNING - Skipping malformed line: [22:43:33] [INFO] testing 'OR boolean-based blind - WHERE or HAVING clause (comment)'
2025-03-10 22:43:39,266 - WARNING - Skipping malformed line: [22:43:39] [INFO] testing 'AND boolean-based blind - WHERE or HAVING clause (MySQL comment)'
2025-03-10 22:43:42,811 - WARNING - Skipping malformed line: [22:43:42] [INFO] testing 'OR boolean-based blind - WHERE or HAVING clause (MySQL comment)'
2025-03-10 22:43:50,809 - WARNING - Skipping malformed line: [22:43:50] [INFO] testing 'OR boolean-based blind - WHERE or HAVING clause (NOT - MySQL comment)'
2025-03-10 22:43:54,759 - WARNING - Skipping malformed line: [22:43:54] [INFO] testing 'AND boolean-based blind - WHERE or HAVING clause (Microsoft Access comment)'
2025-03-10 22:43:59,116 - WARNING - Skipping malformed line: [22:43:59] [INFO] testing 'OR boolean-based blind - WHERE or HAVING clause (Microsoft Access comment)'
2025-03-10 22:44:07,507 - WARNING - Skipping malformed line: [22:44:07] [INFO] testing 'MySQL RLIKE boolean-based blind - WHERE, HAVING, ORDER BY or GROUP BY clause'
2025-03-10 22:44:14,686 - WARNING - Skipping malformed line: [22:44:14] [INFO] testing 'MySQL AND boolean-based blind - WHERE, HAVING, ORDER BY or GROUP BY clause (MAKE_SET)'
2025-03-10 22:44:22,066 - WARNING - Skipping malformed line: [22:44:21] [INFO] testing 'MySQL OR boolean-based blind - WHERE, HAVING, ORDER BY or GROUP BY clause (MAKE_SET)'
2025-03-10 22:44:37,939 - WARNING - Skipping malformed line: [22:44:37] [INFO] testing 'PostgreSQL AND boolean-based blind - WHERE or HAVING clause (CAST)'
2025-03-10 22:44:45,017 - WARNING - Skipping malformed line: [22:44:45] [INFO] testing 'PostgreSQL OR boolean-based blind - WHERE or HAVING clause (CAST)'
2025-03-10 22:45:01,303 - WARNING - Skipping malformed line: [22:45:01] [INFO] testing 'Oracle AND boolean-based blind - WHERE or HAVING clause (CTXSYS.DRITHSX.SN)'
2025-03-10 22:45:08,987 - WARNING - Skipping malformed line: [22:45:08] [INFO] testing 'Oracle OR boolean-based blind - WHERE or HAVING clause (CTXSYS.DRITHSX.SN)'
2025-03-10 22:45:23,861 - WARNING - Skipping malformed line: [22:45:23] [INFO] testing 'SQLite AND boolean-based blind - WHERE, HAVING, GROUP BY or HAVING clause (JSON)'
2025-03-10 22:45:31,644 - WARNING - Skipping malformed line: [22:45:31] [INFO] testing 'SQLite OR boolean-based blind - WHERE, HAVING, GROUP BY or HAVING clause (JSON)'
2025-03-10 22:45:48,637 - WARNING - Skipping malformed line: [22:45:48] [INFO] testing 'Boolean-based blind - Parameter replace (original value)'
2025-03-10 22:45:48,941 - WARNING - Skipping malformed line: [22:45:48] [INFO] testing 'PostgreSQL boolean-based blind - Parameter replace'
2025-03-10 22:45:49,549 - WARNING - Skipping malformed line: [22:45:49] [INFO] testing 'Microsoft SQL Server/Sybase boolean-based blind - Parameter replace'
2025-03-10 22:45:49,853 - WARNING - Skipping malformed line: [22:45:49] [INFO] testing 'Oracle boolean-based blind - Parameter replace'
2025-03-10 22:45:50,259 - WARNING - Skipping malformed line: [22:45:50] [INFO] testing 'Informix boolean-based blind - Parameter replace'
2025-03-10 22:45:50,563 - WARNING - Skipping malformed line: [22:45:50] [INFO] testing 'Microsoft Access boolean-based blind - Parameter replace'
2025-03-10 22:45:50,968 - WARNING - Skipping malformed line: [22:45:50] [INFO] testing 'Boolean-based blind - Parameter replace (DUAL)'
2025-03-10 22:45:51,272 - WARNING - Skipping malformed line: [22:45:51] [INFO] testing 'Boolean-based blind - Parameter replace (DUAL - original value)'
2025-03-10 22:45:51,977 - WARNING - Skipping malformed line: [22:45:51] [INFO] testing 'Boolean-based blind - Parameter replace (CASE)'
2025-03-10 22:45:52,280 - WARNING - Skipping malformed line: [22:45:52] [INFO] testing 'Boolean-based blind - Parameter replace (CASE - original value)'
2025-03-10 22:45:52,583 - WARNING - Skipping malformed line: [22:45:52] [INFO] testing 'MySQL >= 5.0 boolean-based blind - ORDER BY, GROUP BY clause'
2025-03-10 22:45:53,293 - WARNING - Skipping malformed line: [22:45:53] [INFO] testing 'MySQL >= 5.0 boolean-based blind - ORDER BY, GROUP BY clause (original value)'
2025-03-10 22:45:54,001 - WARNING - Skipping malformed line: [22:45:53] [INFO] testing 'MySQL < 5.0 boolean-based blind - ORDER BY, GROUP BY clause'
2025-03-10 22:45:54,001 - WARNING - Skipping malformed line: [22:45:53] [INFO] testing 'PostgreSQL boolean-based blind - ORDER BY, GROUP BY clause'
2025-03-10 22:45:54,809 - WARNING - Skipping malformed line: [22:45:54] [INFO] testing 'Microsoft SQL Server/Sybase boolean-based blind - ORDER BY clause'
2025-03-10 22:45:55,619 - WARNING - Skipping malformed line: [22:45:55] [INFO] testing 'Oracle boolean-based blind - ORDER BY, GROUP BY clause'
2025-03-10 22:45:56,529 - WARNING - Skipping malformed line: [22:45:56] [INFO] testing 'HAVING boolean-based blind - WHERE, GROUP BY clause'
2025-03-10 22:46:04,631 - WARNING - Skipping malformed line: [22:46:04] [INFO] testing 'PostgreSQL boolean-based blind - Stacked queries'
2025-03-10 22:46:08,574 - WARNING - Skipping malformed line: [22:46:08] [INFO] testing 'Microsoft SQL Server/Sybase boolean-based blind - Stacked queries (IF)'
2025-03-10 22:46:12,524 - WARNING - Skipping malformed line: [22:46:12] [INFO] testing 'MySQL >= 5.0 AND error-based - WHERE, HAVING, ORDER BY or GROUP BY clause (FLOOR)'
2025-03-10 22:46:20,424 - WARNING - Skipping malformed line: [22:46:20] [INFO] testing 'MySQL >= 5.0 OR error-based - WHERE, HAVING, ORDER BY or GROUP BY clause (FLOOR)'
2025-03-10 22:46:27,512 - WARNING - Skipping malformed line: [22:46:27] [INFO] testing 'MySQL >= 5.1 AND error-based - WHERE, HAVING, ORDER BY or GROUP BY clause (EXTRACTVALUE)'
2025-03-10 22:46:35,106 - WARNING - Skipping malformed line: [22:46:35] [INFO] testing 'MySQL >= 5.1 OR error-based - WHERE, HAVING, ORDER BY or GROUP BY clause (EXTRACTVALUE)'
2025-03-10 22:46:42,704 - WARNING - Skipping malformed line: [22:46:42] [INFO] testing 'MySQL >= 5.1 AND error-based - WHERE, HAVING, ORDER BY or GROUP BY clause (UPDATEXML)'
2025-03-10 22:46:51,002 - WARNING - Skipping malformed line: [22:46:50] [INFO] testing 'MySQL >= 5.1 OR error-based - WHERE, HAVING, ORDER BY or GROUP BY clause (UPDATEXML)'
2025-03-10 22:46:58,896 - WARNING - Skipping malformed line: [22:46:58] [INFO] testing 'MySQL >= 4.1 AND error-based - WHERE, HAVING, ORDER BY or GROUP BY clause (FLOOR)'
2025-03-10 22:47:06,279 - WARNING - Skipping malformed line: [22:47:06] [INFO] testing 'MySQL >= 4.1 OR error-based - WHERE or HAVING clause (FLOOR)'
2025-03-10 22:47:14,173 - WARNING - Skipping malformed line: [22:47:14] [INFO] testing 'PostgreSQL AND error-based - WHERE or HAVING clause'
2025-03-10 22:47:21,459 - WARNING - Skipping malformed line: [22:47:21] [INFO] testing 'PostgreSQL OR error-based - WHERE or HAVING clause'
2025-03-10 22:47:28,443 - WARNING - Skipping malformed line: [22:47:28] [INFO] testing 'Microsoft SQL Server/Sybase AND error-based - WHERE or HAVING clause (IN)'
2025-03-10 22:47:35,425 - WARNING - Skipping malformed line: [22:47:35] [INFO] testing 'Microsoft SQL Server/Sybase OR error-based - WHERE or HAVING clause (IN)'
2025-03-10 22:47:43,012 - WARNING - Skipping malformed line: [22:47:43] [INFO] testing 'Microsoft SQL Server/Sybase AND error-based - WHERE or HAVING clause (CONVERT)'
2025-03-10 22:47:52,725 - WARNING - Skipping malformed line: [22:47:52] [INFO] testing 'Microsoft SQL Server/Sybase OR error-based - WHERE or HAVING clause (CONVERT)'
2025-03-10 22:48:00,519 - WARNING - Skipping malformed line: [22:48:00] [INFO] testing 'Microsoft SQL Server/Sybase AND error-based - WHERE or HAVING clause (CONCAT)'
2025-03-10 22:48:07,807 - WARNING - Skipping malformed line: [22:48:07] [INFO] testing 'Microsoft SQL Server/Sybase OR error-based - WHERE or HAVING clause (CONCAT)'
2025-03-10 22:48:15,498 - WARNING - Skipping malformed line: [22:48:15] [INFO] testing 'Oracle AND error-based - WHERE or HAVING clause (XMLType)'
2025-03-10 22:48:22,589 - WARNING - Skipping malformed line: [22:48:22] [INFO] testing 'Oracle OR error-based - WHERE or HAVING clause (XMLType)'
2025-03-10 22:48:30,185 - WARNING - Skipping malformed line: [22:48:30] [INFO] testing 'Oracle AND error-based - WHERE or HAVING clause (UTL_INADDR.GET_HOST_ADDRESS)'
2025-03-10 22:48:37,066 - WARNING - Skipping malformed line: [22:48:37] [INFO] testing 'Oracle OR error-based - WHERE or HAVING clause (UTL_INADDR.GET_HOST_ADDRESS)'
2025-03-10 22:48:44,858 - WARNING - Skipping malformed line: [22:48:44] [INFO] testing 'Oracle AND error-based - WHERE or HAVING clause (CTXSYS.DRITHSX.SN)'
2025-03-10 22:48:51,644 - WARNING - Skipping malformed line: [22:48:51] [INFO] testing 'Oracle OR error-based - WHERE or HAVING clause (CTXSYS.DRITHSX.SN)'
2025-03-10 22:48:58,826 - WARNING - Skipping malformed line: [22:48:58] [INFO] testing 'Firebird AND error-based - WHERE or HAVING clause'
2025-03-10 22:49:06,010 - WARNING - Skipping malformed line: [22:49:05] [INFO] testing 'MonetDB AND error-based - WHERE or HAVING clause'
2025-03-10 22:49:13,603 - WARNING - Skipping malformed line: [22:49:13] [INFO] testing 'Vertica AND error-based - WHERE or HAVING clause'
2025-03-10 22:49:20,488 - WARNING - Skipping malformed line: [22:49:20] [INFO] testing 'IBM DB2 AND error-based - WHERE or HAVING clause'
2025-03-10 22:49:27,875 - WARNING - Skipping malformed line: [22:49:27] [INFO] testing 'ClickHouse AND error-based - WHERE, HAVING, ORDER BY or GROUP BY clause'
2025-03-10 22:49:34,759 - WARNING - Skipping malformed line: [22:49:34] [INFO] testing 'MySQL >= 5.1 error-based - PROCEDURE ANALYSE (EXTRACTVALUE)'
2025-03-10 22:49:42,441 - WARNING - Skipping malformed line: [22:49:42] [INFO] testing 'MySQL >= 5.0 error-based - Parameter replace (FLOOR)'
2025-03-10 22:49:42,745 - WARNING - Skipping malformed line: [22:49:42] [INFO] testing 'MySQL >= 5.1 error-based - Parameter replace (EXTRACTVALUE)'
2025-03-10 22:49:43,049 - WARNING - Skipping malformed line: [22:49:43] [INFO] testing 'PostgreSQL error-based - Parameter replace'
2025-03-10 22:49:43,353 - WARNING - Skipping malformed line: [22:49:43] [INFO] testing 'Microsoft SQL Server/Sybase error-based - Parameter replace'
2025-03-10 22:49:43,657 - WARNING - Skipping malformed line: [22:49:43] [INFO] testing 'Oracle error-based - Parameter replace'
2025-03-10 22:49:43,961 - WARNING - Skipping malformed line: [22:49:43] [INFO] testing 'MySQL >= 5.1 error-based - ORDER BY, GROUP BY clause (EXTRACTVALUE)'
2025-03-10 22:49:44,871 - WARNING - Skipping malformed line: [22:49:44] [INFO] testing 'MySQL >= 4.1 error-based - ORDER BY, GROUP BY clause (FLOOR)'
2025-03-10 22:49:45,479 - WARNING - Skipping malformed line: [22:49:45] [INFO] testing 'PostgreSQL error-based - ORDER BY, GROUP BY clause'
2025-03-10 22:49:46,187 - WARNING - Skipping malformed line: [22:49:46] [INFO] testing 'Microsoft SQL Server/Sybase error-based - Stacking (EXEC)'
2025-03-10 22:49:50,639 - WARNING - Skipping malformed line: [22:49:50] [INFO] testing 'Generic inline queries'
2025-03-10 22:49:50,944 - WARNING - Skipping malformed line: [22:49:50] [INFO] testing 'MySQL inline queries'
2025-03-10 22:49:51,249 - WARNING - Skipping malformed line: [22:49:51] [INFO] testing 'PostgreSQL inline queries'
2025-03-10 22:49:51,553 - WARNING - Skipping malformed line: [22:49:51] [INFO] testing 'Microsoft SQL Server/Sybase inline queries'
2025-03-10 22:49:51,857 - WARNING - Skipping malformed line: [22:49:51] [INFO] testing 'Oracle inline queries'
2025-03-10 22:49:52,159 - WARNING - Skipping malformed line: [22:49:52] [INFO] testing 'SQLite inline queries'
2025-03-10 22:49:52,462 - WARNING - Skipping malformed line: [22:49:52] [INFO] testing 'Firebird inline queries'
2025-03-10 22:49:52,765 - WARNING - Skipping malformed line: [22:49:52] [INFO] testing 'ClickHouse inline queries'
2025-03-10 22:49:53,068 - WARNING - Skipping malformed line: [22:49:53] [INFO] testing 'MySQL >= 5.0.12 stacked queries (comment)'
2025-03-10 22:49:56,712 - WARNING - Skipping malformed line: [22:49:56] [INFO] testing 'MySQL >= 5.0.12 stacked queries'
2025-03-10 22:50:04,506 - WARNING - Skipping malformed line: [22:50:04] [INFO] testing 'MySQL >= 5.0.12 stacked queries (query SLEEP - comment)'
2025-03-10 22:50:08,754 - WARNING - Skipping malformed line: [22:50:08] [INFO] testing 'MySQL < 5.0.12 stacked queries (BENCHMARK - comment)'
2025-03-10 22:50:12,500 - WARNING - Skipping malformed line: [22:50:12] [INFO] testing 'PostgreSQL > 8.1 stacked queries (comment)'
2025-03-10 22:50:16,754 - WARNING - Skipping malformed line: [22:50:16] [INFO] testing 'PostgreSQL stacked queries (heavy query - comment)'
2025-03-10 22:50:20,603 - WARNING - Skipping malformed line: [22:50:20] [INFO] testing 'PostgreSQL < 8.2 stacked queries (Glibc - comment)'
2025-03-10 22:50:24,545 - WARNING - Skipping malformed line: [22:50:24] [INFO] testing 'Microsoft SQL Server/Sybase stacked queries (comment)'
2025-03-10 22:50:28,191 - WARNING - Skipping malformed line: [22:50:28] [INFO] testing 'Microsoft SQL Server/Sybase stacked queries (DECLARE - comment)'
2025-03-10 22:50:31,938 - WARNING - Skipping malformed line: [22:50:31] [INFO] testing 'Oracle stacked queries (DBMS_PIPE.RECEIVE_MESSAGE - comment)'
2025-03-10 22:50:35,585 - WARNING - Skipping malformed line: [22:50:35] [INFO] testing 'Oracle stacked queries (heavy query - comment)'
2025-03-10 22:50:39,523 - WARNING - Skipping malformed line: [22:50:39] [INFO] testing 'IBM DB2 stacked queries (heavy query - comment)'
2025-03-10 22:50:43,371 - WARNING - Skipping malformed line: [22:50:43] [INFO] testing 'SQLite > 2.0 stacked queries (heavy query - comment)'
2025-03-10 22:50:47,925 - WARNING - Skipping malformed line: [22:50:47] [INFO] testing 'MySQL >= 5.0.12 AND time-based blind (query SLEEP)'
2025-03-10 22:50:54,603 - WARNING - Skipping malformed line: [22:50:54] [INFO] testing 'MySQL >= 5.0.12 OR time-based blind (query SLEEP)'
2025-03-10 22:51:02,197 - WARNING - Skipping malformed line: [22:51:02] [INFO] testing 'MySQL >= 5.0.12 AND time-based blind (SLEEP)'
2025-03-10 22:51:09,884 - WARNING - Skipping malformed line: [22:51:09] [INFO] testing 'MySQL >= 5.0.12 OR time-based blind (SLEEP)'
2025-03-10 22:51:18,794 - WARNING - Skipping malformed line: [22:51:18] [INFO] testing 'MySQL >= 5.0.12 AND time-based blind (SLEEP - comment)'
2025-03-10 22:51:22,541 - WARNING - Skipping malformed line: [22:51:22] [INFO] testing 'MySQL >= 5.0.12 OR time-based blind (SLEEP - comment)'
2025-03-10 22:51:27,191 - WARNING - Skipping malformed line: [22:51:27] [INFO] testing 'MySQL >= 5.0.12 AND time-based blind (query SLEEP - comment)'
2025-03-10 22:51:31,648 - WARNING - Skipping malformed line: [22:51:31] [INFO] testing 'MySQL >= 5.0.12 OR time-based blind (query SLEEP - comment)'
2025-03-10 22:51:35,397 - WARNING - Skipping malformed line: [22:51:35] [INFO] testing 'MySQL < 5.0.12 AND time-based blind (BENCHMARK)'
2025-03-10 22:51:42,581 - WARNING - Skipping malformed line: [22:51:42] [INFO] testing 'MySQL > 5.0.12 AND time-based blind (heavy query)'
2025-03-10 22:51:50,072 - WARNING - Skipping malformed line: [22:51:50] [INFO] testing 'MySQL < 5.0.12 OR time-based blind (BENCHMARK)'
2025-03-10 22:51:57,758 - WARNING - Skipping malformed line: [22:51:57] [INFO] testing 'MySQL > 5.0.12 OR time-based blind (heavy query)'
2025-03-10 22:52:04,539 - WARNING - Skipping malformed line: [22:52:04] [INFO] testing 'MySQL >= 5.0.12 RLIKE time-based blind'
2025-03-10 22:52:12,028 - WARNING - Skipping malformed line: [22:52:12] [INFO] testing 'MySQL >= 5.0.12 RLIKE time-based blind (query SLEEP)'
2025-03-10 22:52:19,520 - WARNING - Skipping malformed line: [22:52:19] [INFO] testing 'MySQL AND time-based blind (ELT)'
2025-03-10 22:52:26,906 - WARNING - Skipping malformed line: [22:52:26] [INFO] testing 'MySQL OR time-based blind (ELT)'
2025-03-10 22:52:34,196 - WARNING - Skipping malformed line: [22:52:34] [INFO] testing 'PostgreSQL > 8.1 AND time-based blind'
2025-03-10 22:52:41,375 - WARNING - Skipping malformed line: [22:52:41] [INFO] testing 'PostgreSQL > 8.1 OR time-based blind'
2025-03-10 22:52:48,659 - WARNING - Skipping malformed line: [22:52:48] [INFO] testing 'PostgreSQL AND time-based blind (heavy query)'
2025-03-10 22:52:55,941 - WARNING - Skipping malformed line: [22:52:55] [INFO] testing 'PostgreSQL OR time-based blind (heavy query)'
2025-03-10 22:53:04,043 - WARNING - Skipping malformed line: [22:53:04] [INFO] testing 'Microsoft SQL Server/Sybase time-based blind (IF)'
2025-03-10 22:53:11,628 - WARNING - Skipping malformed line: [22:53:11] [INFO] testing 'Microsoft SQL Server/Sybase AND time-based blind (heavy query)'
2025-03-10 22:53:20,119 - WARNING - Skipping malformed line: [22:53:20] [INFO] testing 'Microsoft SQL Server/Sybase OR time-based blind (heavy query)'
2025-03-10 22:53:28,299 - WARNING - Skipping malformed line: [22:53:28] [INFO] testing 'Oracle AND time-based blind'
2025-03-10 22:53:36,283 - WARNING - Skipping malformed line: [22:53:36] [INFO] testing 'Oracle OR time-based blind'
2025-03-10 22:53:44,473 - WARNING - Skipping malformed line: [22:53:44] [INFO] testing 'Oracle AND time-based blind (heavy query)'
2025-03-10 22:53:52,557 - WARNING - Skipping malformed line: [22:53:52] [INFO] testing 'Oracle OR time-based blind (heavy query)'
2025-03-10 22:54:00,649 - WARNING - Skipping malformed line: [22:54:00] [INFO] testing 'IBM DB2 AND time-based blind (heavy query)'
2025-03-10 22:54:09,943 - WARNING - Skipping malformed line: [22:54:09] [INFO] testing 'IBM DB2 OR time-based blind (heavy query)'
2025-03-10 22:54:18,847 - WARNING - Skipping malformed line: [22:54:18] [INFO] testing 'SQLite > 2.0 AND time-based blind (heavy query)'
2025-03-10 22:54:27,131 - WARNING - Skipping malformed line: [22:54:27] [INFO] testing 'SQLite > 2.0 OR time-based blind (heavy query)'
2025-03-10 22:54:35,117 - WARNING - Skipping malformed line: [22:54:35] [INFO] testing 'Informix AND time-based blind (heavy query)'
2025-03-10 22:54:43,297 - WARNING - Skipping malformed line: [22:54:43] [INFO] testing 'Informix OR time-based blind (heavy query)'
2025-03-10 22:54:51,494 - WARNING - Skipping malformed line: [22:54:51] [INFO] testing 'MySQL >= 5.1 time-based blind (heavy query) - PROCEDURE ANALYSE (EXTRACTVALUE)'
2025-03-10 22:54:58,775 - WARNING - Skipping malformed line: [22:54:58] [INFO] testing 'MySQL >= 5.0.12 time-based blind - Parameter replace'
2025-03-10 22:54:59,079 - WARNING - Skipping malformed line: [22:54:59] [INFO] testing 'MySQL >= 5.0.12 time-based blind - Parameter replace (substraction)'
2025-03-10 22:54:59,383 - WARNING - Skipping malformed line: [22:54:59] [INFO] testing 'PostgreSQL > 8.1 time-based blind - Parameter replace'
2025-03-10 22:54:59,687 - WARNING - Skipping malformed line: [22:54:59] [INFO] testing 'Oracle time-based blind - Parameter replace (DBMS_LOCK.SLEEP)'
2025-03-10 22:54:59,992 - WARNING - Skipping malformed line: [22:54:59] [INFO] testing 'Oracle time-based blind - Parameter replace (DBMS_PIPE.RECEIVE_MESSAGE)'
2025-03-10 22:55:00,296 - WARNING - Skipping malformed line: [22:55:00] [INFO] testing 'MySQL >= 5.0.12 time-based blind - ORDER BY, GROUP BY clause'
2025-03-10 22:55:00,904 - WARNING - Skipping malformed line: [22:55:00] [INFO] testing 'PostgreSQL > 8.1 time-based blind - ORDER BY, GROUP BY clause'
2025-03-10 22:55:01,513 - WARNING - Skipping malformed line: [22:55:01] [INFO] testing 'Oracle time-based blind - ORDER BY, GROUP BY clause (DBMS_LOCK.SLEEP)'
2025-03-10 22:55:02,120 - WARNING - Skipping malformed line: [22:55:02] [INFO] testing 'Oracle time-based blind - ORDER BY, GROUP BY clause (DBMS_PIPE.RECEIVE_MESSAGE)'
2025-03-10 22:55:02,728 - WARNING - Skipping malformed line: [22:55:02] [INFO] testing 'Generic UNION query (NULL) - 1 to 10 columns'
2025-03-10 22:55:17,802 - WARNING - Skipping malformed line: [22:55:17] [INFO] testing 'Generic UNION query (random number) - 1 to 10 columns'
2025-03-10 22:55:32,368 - WARNING - Skipping malformed line: [22:55:32] [INFO] testing 'MySQL UNION query (NULL) - 1 to 10 columns'
2025-03-10 22:55:46,734 - WARNING - Skipping malformed line: [22:55:46] [INFO] testing 'MySQL UNION query (random number) - 1 to 10 columns'
2025-03-10 22:56:01,301 - WARNING - Skipping malformed line: [22:56:01] [WARNING] parameter 'Referer' does not seem to be injectable
2025-03-10 22:56:01,301 - WARNING - Skipping malformed line: [22:56:01] [CRITICAL] all tested parameters do not appear to be injectable. Try to increase values for '--level'/'--risk' options if you wish to perform more tests. If you suspect that there is some kind of protection mechanism involved (e.g. WAF) maybe you could try to use option '--tamper' (e.g. '--tamper=space2comment') and/or switch '--random-agent'
2025-03-10 22:56:01,301 - WARNING - Skipping malformed line: 
2025-03-10 22:56:01,301 - WARNING - Skipping malformed line: [*] ending @ 22:56:01 /2025-03-10/
2025-03-10 22:56:01,301 - WARNING - Skipping malformed line: 
2025-03-10 23:12:48,821 - WARNING - Skipping malformed line: SQL Injection Scan in progress...
2025-03-10 23:12:49,032 - WARNING - Skipping malformed line: ___
2025-03-10 23:12:49,032 - WARNING - Skipping malformed line: __H__
2025-03-10 23:12:49,032 - WARNING - Skipping malformed line: ___ ___[)]_____ ___ ___  {1.9.2#pip}
2025-03-10 23:12:49,032 - WARNING - Skipping malformed line: |_ -| . [,]     | .'| . |
2025-03-10 23:12:49,032 - WARNING - Skipping malformed line: |___|_  [']_|_|_|__,|  _|
2025-03-10 23:12:49,032 - WARNING - Skipping malformed line: |_|V...       |_|   https://sqlmap.org
2025-03-10 23:12:49,032 - WARNING - Skipping malformed line: 
2025-03-10 23:12:49,032 - WARNING - Skipping malformed line: [!] legal disclaimer: Usage of sqlmap for attacking targets without prior mutual consent is illegal. It is the end user's responsibility to obey all applicable local, state and federal laws. Developers assume no liability and are not responsible for any misuse or damage caused by this program
2025-03-10 23:12:49,032 - WARNING - Skipping malformed line: 
2025-03-10 23:12:49,032 - WARNING - Skipping malformed line: [*] starting @ 23:12:49 /2025-03-10/
2025-03-10 23:12:49,032 - WARNING - Skipping malformed line: 
2025-03-10 23:12:49,032 - WARNING - Skipping malformed line: [23:12:49] [WARNING] the minimum HTTP timeout is 3 seconds, sqlmap will going to reset it
2025-03-10 23:12:49,134 - WARNING - Skipping malformed line: [23:12:49] [INFO] testing connection to the target URL
2025-03-10 23:12:49,744 - WARNING - Skipping malformed line: [23:12:49] [INFO] testing if the target URL content is stable
2025-03-10 23:12:51,161 - WARNING - Skipping malformed line: [23:12:49] [INFO] target URL content is stable
2025-03-10 23:12:51,161 - WARNING - Skipping malformed line: [23:12:49] [CRITICAL] no parameter(s) found for testing in the provided data (e.g. GET parameter 'id' in 'www.site.com/index.php?id=1'). You are advised to rerun with '--forms --crawl=2'
2025-03-10 23:12:51,161 - WARNING - Skipping malformed line: 
2025-03-10 23:12:51,161 - WARNING - Skipping malformed line: [*] ending @ 23:12:49 /2025-03-10/
2025-03-10 23:12:51,162 - WARNING - Skipping malformed line: 
2025-03-11 23:07:57,712 - WARNING - Skipping malformed line: SQL Injection Scan in progress...
2025-03-11 23:07:58,014 - WARNING - Skipping malformed line: ___
2025-03-11 23:07:58,014 - WARNING - Skipping malformed line: __H__
2025-03-11 23:07:58,014 - WARNING - Skipping malformed line: ___ ___[)]_____ ___ ___  {1.9.2#pip}
2025-03-11 23:07:58,014 - WARNING - Skipping malformed line: |_ -| . [,]     | .'| . |
2025-03-11 23:07:58,014 - WARNING - Skipping malformed line: |___|_  ["]_|_|_|__,|  _|
2025-03-11 23:07:58,014 - WARNING - Skipping malformed line: |_|V...       |_|   https://sqlmap.org
2025-03-11 23:07:58,014 - WARNING - Skipping malformed line: 
2025-03-11 23:07:58,014 - WARNING - Skipping malformed line: [!] legal disclaimer: Usage of sqlmap for attacking targets without prior mutual consent is illegal. It is the end user's responsibility to obey all applicable local, state and federal laws. Developers assume no liability and are not responsible for any misuse or damage caused by this program
2025-03-11 23:07:58,014 - WARNING - Skipping malformed line: 
2025-03-11 23:07:58,014 - WARNING - Skipping malformed line: [*] starting @ 23:07:57 /2025-03-11/
2025-03-11 23:07:58,014 - WARNING - Skipping malformed line: 
2025-03-11 23:07:58,014 - WARNING - Skipping malformed line: [23:07:57] [INFO] testing connection to the target URL
2025-03-11 23:07:58,618 - WARNING - Skipping malformed line: [23:07:58] [INFO] testing if the target URL content is stable
2025-03-11 23:07:59,029 - WARNING - Skipping malformed line: [23:07:58] [INFO] target URL content is stable
2025-03-11 23:07:59,029 - WARNING - Skipping malformed line: [23:07:58] [INFO] testing if parameter 'User-Agent' is dynamic
2025-03-11 23:07:59,331 - WARNING - Skipping malformed line: [23:07:59] [WARNING] parameter 'User-Agent' does not appear to be dynamic
2025-03-11 23:07:59,635 - WARNING - Skipping malformed line: [23:07:59] [WARNING] heuristic (basic) test shows that parameter 'User-Agent' might not be injectable
2025-03-11 23:07:59,993 - WARNING - Skipping malformed line: [23:07:59] [INFO] testing for SQL injection on parameter 'User-Agent'
2025-03-11 23:07:59,993 - WARNING - Skipping malformed line: [23:07:59] [INFO] testing 'AND boolean-based blind - WHERE or HAVING clause'
2025-03-11 23:08:07,888 - WARNING - Skipping malformed line: [23:08:07] [INFO] testing 'OR boolean-based blind - WHERE or HAVING clause'
2025-03-11 23:08:25,353 - WARNING - Skipping malformed line: [23:08:25] [INFO] testing 'OR boolean-based blind - WHERE or HAVING clause (NOT)'
2025-03-11 23:08:35,950 - WARNING - Skipping malformed line: [23:08:35] [INFO] testing 'AND boolean-based blind - WHERE or HAVING clause (subquery - comment)'
2025-03-11 23:08:40,294 - WARNING - Skipping malformed line: [23:08:40] [INFO] testing 'OR boolean-based blind - WHERE or HAVING clause (subquery - comment)'
2025-03-11 23:08:51,800 - WARNING - Skipping malformed line: [23:08:51] [INFO] testing 'AND boolean-based blind - WHERE or HAVING clause (comment)'
2025-03-11 23:08:55,523 - WARNING - Skipping malformed line: [23:08:55] [INFO] testing 'OR boolean-based blind - WHERE or HAVING clause (comment)'
2025-03-11 23:09:03,515 - WARNING - Skipping malformed line: [23:09:03] [INFO] testing 'AND boolean-based blind - WHERE or HAVING clause (MySQL comment)'
2025-03-11 23:09:07,562 - WARNING - Skipping malformed line: [23:09:07] [INFO] testing 'OR boolean-based blind - WHERE or HAVING clause (MySQL comment)'
2025-03-11 23:09:16,958 - WARNING - Skipping malformed line: [23:09:16] [INFO] testing 'OR boolean-based blind - WHERE or HAVING clause (NOT - MySQL comment)'
2025-03-11 23:09:24,442 - WARNING - Skipping malformed line: [23:09:24] [INFO] testing 'AND boolean-based blind - WHERE or HAVING clause (Microsoft Access comment)'
2025-03-11 23:09:28,986 - WARNING - Skipping malformed line: [23:09:28] [INFO] testing 'OR boolean-based blind - WHERE or HAVING clause (Microsoft Access comment)'
2025-03-11 23:09:38,071 - WARNING - Skipping malformed line: [23:09:37] [INFO] testing 'MySQL RLIKE boolean-based blind - WHERE, HAVING, ORDER BY or GROUP BY clause'
2025-03-11 23:09:46,247 - WARNING - Skipping malformed line: [23:09:46] [INFO] testing 'MySQL AND boolean-based blind - WHERE, HAVING, ORDER BY or GROUP BY clause (MAKE_SET)'
2025-03-11 23:09:54,538 - WARNING - Skipping malformed line: [23:09:54] [INFO] testing 'MySQL OR boolean-based blind - WHERE, HAVING, ORDER BY or GROUP BY clause (MAKE_SET)'
2025-03-11 23:10:11,427 - WARNING - Skipping malformed line: [23:10:11] [INFO] testing 'PostgreSQL AND boolean-based blind - WHERE or HAVING clause (CAST)'
2025-03-11 23:10:20,121 - WARNING - Skipping malformed line: [23:10:20] [INFO] testing 'PostgreSQL OR boolean-based blind - WHERE or HAVING clause (CAST)'
2025-03-11 23:10:36,996 - WARNING - Skipping malformed line: [23:10:36] [INFO] testing 'Oracle AND boolean-based blind - WHERE or HAVING clause (CTXSYS.DRITHSX.SN)'
2025-03-11 23:10:44,373 - WARNING - Skipping malformed line: [23:10:44] [INFO] testing 'Oracle OR boolean-based blind - WHERE or HAVING clause (CTXSYS.DRITHSX.SN)'
